{
   "entries": {"resourceKind": [
      {
         "resourceKindKey": "HostSystem",
         "internalId": "resourceKind:id:1_::_",
         "adapterKindKey": "VMWARE"
      },
      {
         "resourceKindKey": "Datacenter",
         "internalId": "resourceKind:id:2_::_",
         "adapterKindKey": "VMWARE"
      },
      {
         "resourceKindKey": "VirtualMachine",
         "internalId": "resourceKind:id:3_::_",
         "adapterKindKey": "VMWARE"
      },
      {
         "resourceKindKey": "ClusterComputeResource",
         "internalId": "resourceKind:id:0_::_",
         "adapterKindKey": "VMWARE"
      }
   ]},
   "dashboards": [{
      "shared": false,
      "temporary": false,
      "hidden": true,
      "creationTime": 1693906813491,
      "autoswitchEnabled": false,
      "importAttempts": 0,
      "columnProportion": "1",
      "importComplete": true,
      "description": "",
      "widgets": [
         {
            "collapsed": false,
            "id": "61f98aba-bb4c-4d35-8422-5a1dbd3f2a7a",
            "gridsterCoords": {
               "w": 7,
               "x": 6,
               "h": 7,
               "y": 8
            },
            "type": "View",
            "title": "VMs Power Usage Distribution per Host (Month to Day)",
            "config": {
               "refreshInterval": 300,
               "resource": null,
               "traversalSpecId": "",
               "refreshContent": {"refreshContent": true},
               "isUpdatedView": true,
               "chartViewItems": [
                  "labels",
                  "legend",
                  "title"
               ],
               "selectFirstRow": {"selectFirstRow": false},
               "selfProvider": {"selfProvider": false},
               "title": "VMs Power Usage Distribution per Host (Month to Day)",
               "viewDefinitionId": "7a577726-9bb5-4510-9c3a-c9a521190337"
            },
            "height": 380,
            "states": [
               {
                  "value": "b%3A1",
                  "key": "perm_toolbarVisible_widget_55ea0e85-8fc4-4900-b099-fc49c94e0814_61f98aba-bb4c-4d35-8422-5a1dbd3f2a7a"
               },
               {
                  "value": "b%3A0",
                  "key": "perm_isDashboardTime_widget_55ea0e85-8fc4-4900-b099-fc49c94e0814_61f98aba-bb4c-4d35-8422-5a1dbd3f2a7a"
               },
               {
                  "value": "s%3A%7B%22minType%22%3A%22.TimeIntervalControl%22%2C%22advancedTimeMode%22%3Atrue%2C%22fromTime%22%3Anull%2C%22unit%22%3A%22DAYS%22%2C%22count%22%3Anull%2C%22priorUnit%22%3Anull%2C%22priorCount%22%3Anull%2C%22startSubUnit%22%3A%22MONTHS%22%2C%22startPeriod%22%3A%22FIRST%22%2C%22toTime%22%3Anull%2C%22endUnit%22%3Anull%2C%22endCount%22%3Anull%2C%22endSubUnit%22%3Anull%2C%22endPeriod%22%3A%22NOW%22%2C%22isRealTimeData%22%3Anull%2C%22mondayHours%22%3A%5B%5D%2C%22tuesdayHours%22%3A%5B%5D%2C%22wednesdayHours%22%3A%5B%5D%2C%22thursdayHours%22%3A%5B%5D%2C%22fridayHours%22%3A%5B%5D%2C%22saturdayHours%22%3A%5B%5D%2C%22sundayHours%22%3A%5B%5D%7D",
                  "key": "permSelectedDate_widget_55ea0e85-8fc4-4900-b099-fc49c94e0814_61f98aba-bb4c-4d35-8422-5a1dbd3f2a7a"
               }
            ]
         },
         {
            "collapsed": false,
            "id": "de076820-dea6-446d-a3d2-7b7dd3e8cf31",
            "gridsterCoords": {
               "w": 4,
               "x": 1,
               "h": 8,
               "y": 15
            },
            "type": "ParetoAnalysis",
            "title": "Top 10 Clusters for VMs Power Usage (Current)",
            "config": {
               "percentileValue": null,
               "regenerationTime": 15,
               "barsCount": 10,
               "metricName": "Power Usage (Wh)",
               "topOption": "metricsHighestUtilization",
               "refreshInterval": 300,
               "resource": [],
               "refreshContent": {"refreshContent": true},
               "relationshipMode": {"relationshipMode": [
                  -1,
                  0
               ]},
               "title": "Top 10 Clusters for VMs Power Usage (Current)",
               "additionalColumns": [],
               "roundDecimals": 1,
               "metricUnit": {
                  "metricUnitId": -1,
                  "metricUnitName": "Auto"
               },
               "mode": "all",
               "resourceKind": [{"id": "resourceKind:id:0_::_"}],
               "filterMode": "tagPicker",
               "tagFilter": null,
               "depth": 10,
               "metric": {
                  "metricKey": "Super Metric|sm_0989ca48-8438-42eb-a159-2ab4592fb7c3",
                  "name": "Super Metrics|SustainabilityV2-PowerForFMs (Wh)"
               },
               "customFilter": {
                  "filter": [],
                  "excludedResources": null,
                  "includedResources": null
               },
               "selfProvider": {"selfProvider": false},
               "filterOldMetrics": {"filterOldMetrics": false}
            },
            "height": 438
         },
         {
            "collapsed": false,
            "id": "90d2a515-1d01-4a96-a583-f6006b036851",
            "gridsterCoords": {
               "w": 4,
               "x": 5,
               "h": 8,
               "y": 15
            },
            "type": "ParetoAnalysis",
            "title": "Top 10 Hosts by VMs Power Usage (Current)",
            "config": {
               "percentileValue": null,
               "regenerationTime": 15,
               "barsCount": 10,
               "metricName": "Power Usage (Wh)",
               "topOption": "metricsHighestUtilization",
               "refreshInterval": 300,
               "resource": [],
               "refreshContent": {"refreshContent": true},
               "relationshipMode": {"relationshipMode": [
                  -1,
                  0
               ]},
               "title": "Top 10 Hosts by VMs Power Usage (Current)",
               "additionalColumns": [],
               "roundDecimals": 1,
               "metricUnit": {
                  "metricUnitId": -1,
                  "metricUnitName": "Auto"
               },
               "mode": "all",
               "resourceKind": [{"id": "resourceKind:id:1_::_"}],
               "filterMode": "tagPicker",
               "tagFilter": null,
               "depth": 10,
               "metric": {
                  "metricKey": "Super Metric|sm_0989ca48-8438-42eb-a159-2ab4592fb7c3",
                  "name": "Super Metrics|SustainabilityV2-PowerForFMs (Wh)"
               },
               "customFilter": {
                  "filter": [],
                  "excludedResources": null,
                  "includedResources": null
               },
               "selfProvider": {"selfProvider": false},
               "filterOldMetrics": {"filterOldMetrics": false}
            },
            "height": 438
         },
         {
            "collapsed": false,
            "id": "08600bc1-8412-44fa-b3b0-027c5126789c",
            "gridsterCoords": {
               "w": 5,
               "x": 1,
               "h": 7,
               "y": 8
            },
            "type": "MetricChart",
            "title": "DataCenter Power Usage for VMs (Current)",
            "config": {
               "depth": 1,
               "refreshInterval": 300,
               "metric": {
                  "mode": "resourceKind",
                  "resourceMetrics": [],
                  "resourceKindMetrics": [{
                     "yellowBound": null,
                     "metricUnitId": "wh",
                     "metricName": "Super Metrics|SustainabilityV2-PowerForFMs",
                     "metricKey": "Super Metric|sm_0989ca48-8438-42eb-a159-2ab4592fb7c3",
                     "handleOldColoring": false,
                     "resourceKindName": "Datacenter",
                     "isStringMetric": false,
                     "resourceKindId": "resourceKind:id:2_::_",
                     "orangeBound": null,
                     "unit": "Wh",
                     "redBound": null,
                     "id": "extModel39817-1",
                     "colorMethod": 2
                  }],
                  "subMode": "resourceKindAll"
               },
               "resource": [],
               "refreshContent": {"refreshContent": true},
               "relationshipMode": {"relationshipMode": 0},
               "customFilter": {
                  "filter": [],
                  "excludedResources": null,
                  "includedResources": null
               },
               "selfProvider": {"selfProvider": false},
               "title": "DataCenter Power Usage for VMs (Current)",
               "resInteractionMode": null
            },
            "height": 381,
            "states": [
               {
                  "value": "b%3A0",
                  "key": "permBtn_pan_permMetricChart_widget_55ea0e85-8fc4-4900-b099-fc49c94e0814_08600bc1-8412-44fa-b3b0-027c5126789c"
               },
               {
                  "value": "b%3A1",
                  "key": "permBtn_stackedGraph_permMetricChart_widget_55ea0e85-8fc4-4900-b099-fc49c94e0814_08600bc1-8412-44fa-b3b0-027c5126789c"
               },
               {
                  "value": "o%3A",
                  "key": "permMetricChart_widget_55ea0e85-8fc4-4900-b099-fc49c94e0814_08600bc1-8412-44fa-b3b0-027c5126789c"
               },
               {
                  "value": "b%3A0",
                  "key": "permBtn_splitGraphs_permMetricChart_widget_55ea0e85-8fc4-4900-b099-fc49c94e0814_08600bc1-8412-44fa-b3b0-027c5126789c"
               },
               {
                  "value": "s%3A%7B%22dateRange%22%3A%22currentMonth%22%2C%22dateFrom%22%3Anull%2C%22dateTo%22%3Anull%2C%22timeFrom%22%3Anull%2C%22timeTo%22%3Anull%7D",
                  "key": "permDateRange1_permMetricChart_widget_55ea0e85-8fc4-4900-b099-fc49c94e0814_08600bc1-8412-44fa-b3b0-027c5126789c"
               },
               {
                  "value": "b%3A0",
                  "key": "perm_toolbarVisible_widget_55ea0e85-8fc4-4900-b099-fc49c94e0814_08600bc1-8412-44fa-b3b0-027c5126789c"
               },
               {
                  "value": "b%3A0",
                  "key": "permBtn_zoomAllGraphs_permMetricChart_widget_55ea0e85-8fc4-4900-b099-fc49c94e0814_08600bc1-8412-44fa-b3b0-027c5126789c"
               }
            ]
         },
         {
            "collapsed": false,
            "id": "bc92b4e4-d82e-49dd-9b9a-389f249fe87a",
            "gridsterCoords": {
               "w": 12,
               "x": 1,
               "h": 7,
               "y": 1
            },
            "type": "ResourceList",
            "title": "DataCenters",
            "config": {
               "refreshInterval": 300,
               "resource": [],
               "refreshContent": {"refreshContent": false},
               "relationshipMode": {"relationshipMode": 0},
               "title": "DataCenters",
               "additionalColumns": [
                  {
                     "boxLabel": "vCenter",
                     "metricName": "Summary|Parent vCenter",
                     "metricKey": "summary|parentVcenter",
                     "resourceKindId": "resourceKind:id:2_::_"
                  },
                  {
                     "boxLabel": "PUe",
                     "metricName": "Custom Properties|DatacenterPUE",
                     "metricKey": "CustomProperty|DatacenterPUE",
                     "resourceKindId": "resourceKind:id:2_::_"
                  },
                  {
                     "boxLabel": "Carbon Intensity",
                     "metricName": "Custom Properties|DatacenterCarbonIntensity",
                     "metricKey": "CustomProperty|DatacenterCarbonIntensity",
                     "resourceKindId": "resourceKind:id:2_::_"
                  },
                  {
                     "boxLabel": "Hosts",
                     "metricName": "Summary|Total Number of Hosts",
                     "metricKey": "summary|total_number_hosts",
                     "resourceKindId": "resourceKind:id:2_::_"
                  },
                  {
                     "boxLabel": "VMs",
                     "metricName": "Summary|Total Number of VMs",
                     "metricKey": "summary|total_number_vms",
                     "resourceKindId": "resourceKind:id:2_::_"
                  },
                  {
                     "boxLabel": "Total Power Usage for VMs",
                     "metricName": "Super Metrics|SustainabilityV2-PowerForVMs (Wh)",
                     "metricKey": "Super Metric|sm_0989ca48-8438-42eb-a159-2ab4592fb7c3",
                     "resourceKindId": "resourceKind:id:2_::_"
                  }
               ],
               "mode": "all",
               "filterMode": "tagPicker",
               "tagFilter": {
                  "path": ["/source/kind/kind:resourceKind:id:2_::_"],
                  "value": {
                     "bus": [],
                     "adapterKind": [],
                     "kind": ["resourceKind:id:2_::_"],
                     "exclaim": false,
                     "healthRange": [],
                     "maintenanceSchedule": [],
                     "adapterInstance": [],
                     "collector": [],
                     "tier": [],
                     "state": [],
                     "tag": [],
                     "day": [],
                     "status": []
                  }
               },
               "depth": 1,
               "customFilter": {
                  "filter": [],
                  "excludedResources": null,
                  "includedResources": null
               },
               "selectFirstRow": {"selectFirstRow": true},
               "selfProvider": {"selfProvider": false}
            },
            "height": 381,
            "states": [{
               "value": "o%3Acolumns%3Da%253Ao%25253Aid%25253Ds%2525253Ah1%25255Ehidden%25253Db%2525253A1%25255Ewidth%25253Dn%2525253A100%255Eo%25253Aid%25253Ds%2525253Ah2%25255Ewidth%25253Dn%2525253A201.66668701171875%255Eo%25253Aid%25253Ds%2525253Ah3%25255Ehidden%25253Db%2525253A1%25255Ewidth%25253Dn%2525253A100%255Eo%25253Aid%25253Ds%2525253Ah4%25255Ehidden%25253Db%2525253A1%255Eo%25253Aid%25253Ds%2525253Ah5%25255Ehidden%25253Db%2525253A1%255Eo%25253Aid%25253Ds%2525253Ah6%25255Ehidden%25253Db%2525253A1%255Eo%25253Aid%25253Ds%2525253Ah7%25255Ehidden%25253Db%2525253A1%25255Ewidth%25253Dn%2525253A100%255Eo%25253Aid%25253Ds%2525253Ah8%25255Ehidden%25253Db%2525253A1%25255Ewidth%25253Dn%2525253A100%255Eo%25253Aid%25253Ds%2525253Ah9%25255Ehidden%25253Db%2525253A1%25255Ewidth%25253Dn%2525253A100%255Eo%25253Aid%25253Ds%2525253Ah10%25255Ehidden%25253Db%2525253A1%25255Ewidth%25253Dn%2525253A100%255Eo%25253Aid%25253Ds%2525253Ah11%25255Ehidden%25253Db%2525253A1%25255Ewidth%25253Dn%2525253A100%255Eo%25253Aid%25253Ds%2525253Ah12%25255Ehidden%25253Db%2525253A1%25255Ewidth%25253Dn%2525253A100%255Eo%25253Aid%25253Ds%2525253Ah13%25255Ehidden%25253Db%2525253A1%25255Ewidth%25253Dn%2525253A100%255Eo%25253Aid%25253Ds%2525253Ah14%25255Ehidden%25253Db%2525253A1%255Eo%25253Aid%25253Ds%2525253Ah15%25255Ehidden%25253Db%2525253A1%255Eo%25253Aid%25253Ds%2525253Ah16%25255Ehidden%25253Db%2525253A1%25255Ewidth%25253Dn%2525253A100%255Eo%25253Aid%25253Ds%2525253AresourceRating%25255Ehidden%25253Db%2525253A1%255Eo%25253Aid%25253Ds%2525253Ah18%25255Ehidden%25253Db%2525253A0%25255Ewidth%25253Dn%2525253A214%255Eo%25253Aid%25253Ds%2525253Ah19%25255Ehidden%25253Db%2525253A0%25255Ewidth%25253Dn%2525253A100%255Eo%25253Aid%25253Ds%2525253Ah20%25255Ehidden%25253Db%2525253A0%25255Ewidth%25253Dn%2525253A100%255Eo%25253Aid%25253Ds%2525253Ah21%25255Ehidden%25253Db%2525253A0%25255Ewidth%25253Dn%2525253A100%255Eo%25253Aid%25253Ds%2525253Ah22%25255Ehidden%25253Db%2525253A0%25255Ewidth%25253Dn%2525253A100%255Eo%25253Aid%25253Ds%2525253Ah23%25255Ehidden%25253Db%2525253A0%25255Ewidth%25253Dn%2525253A191%255Eo%25253Aid%25253Ds%2525253Ah24%25255Ehidden%25253Db%2525253A1%25255Ewidth%25253Dn%2525253A100%255Eo%25253Aid%25253Ds%2525253Ah25%25255Ehidden%25253Db%2525253A1%25255Ewidth%25253Dn%2525253A100%255Eo%25253Aid%25253Ds%2525253Ah26%25255Ehidden%25253Db%2525253A1%25255Ewidth%25253Dn%2525253A100%255Eo%25253Aid%25253Ds%2525253Ah27%25255Ehidden%25253Db%2525253A1%25255Ewidth%25253Dn%2525253A100%255Eo%25253Aid%25253Ds%2525253Ah28%25255Ehidden%25253Db%2525253A1%25255Ewidth%25253Dn%2525253A100%255Eo%25253Aid%25253Ds%2525253Ah29%25255Ehidden%25253Db%2525253A1%25255Ewidth%25253Dn%2525253A100%255Eo%25253Aid%25253Ds%2525253Ah30%25255Ehidden%25253Db%2525253A1%25255Ewidth%25253Dn%2525253A100%255Eo%25253Aid%25253Ds%2525253Ah31%25255Ehidden%25253Db%2525253A1%25255Ewidth%25253Dn%2525253A100%255Eo%25253Aid%25253Ds%2525253Ah32%25255Ehidden%25253Db%2525253A1%25255Ewidth%25253Dn%2525253A100%255Eo%25253Aid%25253Ds%2525253Ah33%25255Ehidden%25253Db%2525253A1%25255Ewidth%25253Dn%2525253A100%255Eo%25253Aid%25253Ds%2525253Ah34%25255Ehidden%25253Db%2525253A1%25255Ewidth%25253Dn%2525253A100%255Eo%25253Aid%25253Ds%2525253Ah35%25255Ehidden%25253Db%2525253A1%25255Ewidth%25253Dn%2525253A100%255Eo%25253Aid%25253Ds%2525253Ah36%25255Ehidden%25253Db%2525253A1%25255Ewidth%25253Dn%2525253A100%255Eo%25253Aid%25253Ds%2525253Ah37%25255Ehidden%25253Db%2525253A1%25255Ewidth%25253Dn%2525253A100%255Eo%25253Aid%25253Ds%2525253Ah38%25255Ehidden%25253Db%2525253A1%25255Ewidth%25253Dn%2525253A100%255Eo%25253Aid%25253Ds%2525253Ah39%25255Ehidden%25253Db%2525253A1%25255Ewidth%25253Dn%2525253A100%255Eo%25253Aid%25253Ds%2525253Ah40%25255Ehidden%25253Db%2525253A1%25255Ewidth%25253Dn%2525253A100%255Eo%25253Aid%25253Ds%2525253Ah41%25255Ehidden%25253Db%2525253A1%25255Ewidth%25253Dn%2525253A100%255Eo%25253Aid%25253Ds%2525253Ah42%25255Ehidden%25253Db%2525253A1%25255Ewidth%25253Dn%2525253A100%255Eo%25253Aid%25253Ds%2525253Ah43%25255Ehidden%25253Db%2525253A1%25255Ewidth%25253Dn%2525253A100%255Eo%25253Aid%25253Ds%2525253Ah44%25255Ehidden%25253Db%2525253A1%25255Ewidth%25253Dn%2525253A100%255Eo%25253Aid%25253Ds%2525253Ah45%25255Ehidden%25253Db%2525253A1%25255Ewidth%25253Dn%2525253A100%255Eo%25253Aid%25253Ds%2525253Ah46%25255Ehidden%25253Db%2525253A1%25255Ewidth%25253Dn%2525253A100%255Eo%25253Aid%25253Ds%2525253Ah47%25255Ehidden%25253Db%2525253A1%25255Ewidth%25253Dn%2525253A100",
               "key": "permResGrid_widget_55ea0e85-8fc4-4900-b099-fc49c94e0814_bc92b4e4-d82e-49dd-9b9a-389f249fe87a"
            }]
         },
         {
            "collapsed": false,
            "id": "066d5e1e-e733-4b62-8ddf-826ee05398c4",
            "gridsterCoords": {
               "w": 4,
               "x": 9,
               "h": 8,
               "y": 15
            },
            "type": "ParetoAnalysis",
            "title": "Top-10 VMs by Power Usage (Current)",
            "config": {
               "percentileValue": null,
               "regenerationTime": 15,
               "barsCount": 10,
               "metricName": "VM Total Power usage",
               "topOption": "metricsHighestUtilization",
               "refreshInterval": 300,
               "resource": [],
               "refreshContent": {"refreshContent": false},
               "relationshipMode": {"relationshipMode": [
                  -1,
                  0
               ]},
               "title": "Top-10 VMs by Power Usage (Current)",
               "additionalColumns": [],
               "roundDecimals": 0,
               "metricUnit": {
                  "metricUnitId": -1,
                  "metricUnitName": "Auto"
               },
               "mode": "all",
               "resourceKind": [{"id": "resourceKind:id:3_::_"}],
               "filterMode": "tagPicker",
               "tagFilter": null,
               "depth": 10,
               "metric": {
                  "metricKey": "Super Metric|sm_b42c657d-5469-4870-a207-d3444e9ba828",
                  "name": "Super Metrics|SustainabilityV2-VMTotalPowerUsage (Wh)"
               },
               "customFilter": {
                  "filter": [],
                  "excludedResources": null,
                  "includedResources": null
               },
               "selfProvider": {"selfProvider": false},
               "filterOldMetrics": {"filterOldMetrics": false}
            },
            "height": 438
         }
      ],
      "states": [],
      "homeTab": false,
      "rank": 0,
      "disabled": false,
      "id": "55ea0e85-8fc4-4900-b099-fc49c94e0814",
      "adapterName": "VMware vSphere",
      "locked": false,
      "dashboardNavigations": {},
      "widgetInteractions": [
         {
            "widgetIdProvider": "bc92b4e4-d82e-49dd-9b9a-389f249fe87a",
            "type": "resourceId",
            "widgetIdReceiver": "08600bc1-8412-44fa-b3b0-027c5126789c"
         },
         {
            "widgetIdProvider": "bc92b4e4-d82e-49dd-9b9a-389f249fe87a",
            "type": "resourceId",
            "widgetIdReceiver": "61f98aba-bb4c-4d35-8422-5a1dbd3f2a7a"
         },
         {
            "widgetIdProvider": "bc92b4e4-d82e-49dd-9b9a-389f249fe87a",
            "type": "resourceId",
            "widgetIdReceiver": "90d2a515-1d01-4a96-a583-f6006b036851"
         },
         {
            "widgetIdProvider": "bc92b4e4-d82e-49dd-9b9a-389f249fe87a",
            "type": "resourceId",
            "widgetIdReceiver": "de076820-dea6-446d-a3d2-7b7dd3e8cf31"
         },
         {
            "widgetIdProvider": "bc92b4e4-d82e-49dd-9b9a-389f249fe87a",
            "type": "resourceId",
            "widgetIdReceiver": "066d5e1e-e733-4b62-8ddf-826ee05398c4"
         }
      ],
      "namePath": "Cost/Provider Layer",
      "lastUpdateUserId": "4f691648-ff9b-3172-981e-72e4cbaaebb9",
      "columnCount": 1,
      "userId": "4f691648-ff9b-3172-981e-72e4cbaaebb9",
      "name": "SustainabilityV2-DatacenterCO2EmissionsforVMs",
      "gridsterMaxColumns": 12,
      "lastUpdateTime": 1694766097123
   }],
   "uuid": "69fc243a-f5e9-4008-90c2-2ed70561256e"
}