{
   "entries": {"resourceKind": [
      {
         "resourceKindKey": "VirtualMachine",
         "internalId": "resourceKind:id:1_::_",
         "adapterKindKey": "VMWARE"
      },
      {
         "resourceKindKey": "Application",
         "internalId": "resourceKind:id:0_::_",
         "adapterKindKey": "Container"
      }
   ]},
   "dashboards": [{
      "shared": false,
      "temporary": false,
      "hidden": false,
      "creationTime": 1692624635463,
      "autoswitchEnabled": false,
      "importAttempts": 0,
      "lastUpdateUserId": "4f691648-ff9b-3172-981e-72e4cbaaebb9",
      "columnProportion": "1-1",
      "importComplete": true,
      "description": "",
      "columnCount": 1,
      "widgets": [
         {
            "collapsed": false,
            "id": "2b8c5813-c686-4769-b32f-5758364d182d",
            "gridsterCoords": {
               "w": 4,
               "x": 1,
               "h": 7,
               "y": 1
            },
            "type": "ParetoAnalysis",
            "title": "Top-10 Apps Current Power Usage",
            "config": {
               "percentileValue": null,
               "regenerationTime": 15,
               "barsCount": 10,
               "metricName": "Power for All VMs",
               "topOption": "metricsHighestUtilization",
               "refreshInterval": 300,
               "resource": [],
               "refreshContent": {"refreshContent": true},
               "relationshipMode": {"relationshipMode": [
                  -1,
                  0
               ]},
               "title": "Top-10 Apps Current Power Usage",
               "additionalColumns": [{
                  "boxLabel": "# of VMs",
                  "metricName": "Population|Total Count",
                  "metricKey": "populationGroup|populationTotalCount",
                  "resourceKindId": "resourceKind:id:0_::_"
               }],
               "roundDecimals": 0,
               "metricUnit": {
                  "metricUnitId": -1,
                  "metricUnitName": "Auto"
               },
               "mode": "all",
               "resourceKind": [{"id": "resourceKind:id:0_::_"}],
               "filterMode": "tagPicker",
               "tagFilter": null,
               "depth": 10,
               "metric": {
                  "metricKey": "Super Metric|sm_0989ca48-8438-42eb-a159-2ab4592fb7c3",
                  "name": "Super Metrics|SustainabilityV2-PowerForFMs (Wh)"
               },
               "customFilter": {
                  "filter": [],
                  "excludedResources": null,
                  "includedResources": null
               },
               "selfProvider": {"selfProvider": true},
               "filterOldMetrics": {"filterOldMetrics": false}
            },
            "height": 381
         },
         {
            "collapsed": false,
            "id": "860aa114-1e53-4ce0-9f99-3a4d939b8386",
            "gridsterCoords": {
               "w": 4,
               "x": 1,
               "h": 6,
               "y": 8
            },
            "type": "MetricChart",
            "title": "All VMs Current Power Usage (for selected App)",
            "config": {
               "depth": 1,
               "refreshInterval": 300,
               "metric": {
                  "mode": "resourceKind",
                  "resourceMetrics": [],
                  "resourceKindMetrics": [{
                     "yellowBound": null,
                     "metricUnitId": "wh",
                     "metricName": "Super Metrics|SustainabilityV2-PowerForFMs",
                     "metricKey": "Super Metric|sm_0989ca48-8438-42eb-a159-2ab4592fb7c3",
                     "handleOldColoring": false,
                     "resourceKindName": "Application",
                     "isStringMetric": false,
                     "resourceKindId": "resourceKind:id:0_::_",
                     "orangeBound": null,
                     "unit": "Wh",
                     "redBound": null,
                     "id": "extModel2611-1",
                     "colorMethod": 2
                  }],
                  "subMode": "resourceKindAll"
               },
               "resource": [],
               "refreshContent": {"refreshContent": true},
               "relationshipMode": {"relationshipMode": 0},
               "customFilter": {
                  "filter": [],
                  "excludedResources": null,
                  "includedResources": null
               },
               "selfProvider": {"selfProvider": false},
               "title": "All VMs Current Power Usage (for selected App)",
               "resInteractionMode": null
            },
            "height": 324,
            "states": [
               {
                  "value": "o%3A",
                  "key": "permMetricChart_widget_3be5fbd5-f345-453f-9287-60650e77e660_860aa114-1e53-4ce0-9f99-3a4d939b8386"
               },
               {
                  "value": "s%3A%7B%22dateRange%22%3A%22dashboardTime%22%2C%22dateFrom%22%3Anull%2C%22dateTo%22%3Anull%2C%22timeFrom%22%3Anull%2C%22timeTo%22%3Anull%7D",
                  "key": "permDateRange1_permMetricChart_widget_3be5fbd5-f345-453f-9287-60650e77e660_860aa114-1e53-4ce0-9f99-3a4d939b8386"
               },
               {
                  "value": "b%3A0",
                  "key": "permBtn_pan_permMetricChart_widget_3be5fbd5-f345-453f-9287-60650e77e660_860aa114-1e53-4ce0-9f99-3a4d939b8386"
               },
               {
                  "value": "b%3A0",
                  "key": "permBtn_zoomAllGraphs_permMetricChart_widget_3be5fbd5-f345-453f-9287-60650e77e660_860aa114-1e53-4ce0-9f99-3a4d939b8386"
               }
            ]
         },
         {
            "collapsed": false,
            "id": "f9f963ff-8b6f-4654-b0c0-e53cf1f8858d",
            "gridsterCoords": {
               "w": 8,
               "x": 5,
               "h": 6,
               "y": 8
            },
            "type": "View",
            "title": "Top 10 VMs Month to Day Power Usage",
            "config": {
               "refreshInterval": 300,
               "resource": null,
               "traversalSpecId": "",
               "refreshContent": {"refreshContent": true},
               "isUpdatedView": true,
               "chartViewItems": ["labels"],
               "selectFirstRow": {"selectFirstRow": false},
               "selfProvider": {"selfProvider": false},
               "title": "Top 10 VMs Month to Day Power Usage",
               "viewDefinitionId": "ac65d420-2336-4625-8035-f3a25cc82351"
            },
            "height": 324,
            "states": [{
               "value": "b%3A0",
               "key": "perm_isDashboardTime_widget_3be5fbd5-f345-453f-9287-60650e77e660_f9f963ff-8b6f-4654-b0c0-e53cf1f8858d"
            }]
         },
         {
            "collapsed": false,
            "id": "d274ac97-463a-4b54-be8b-3089cdc44d47",
            "gridsterCoords": {
               "w": 4,
               "x": 1,
               "h": 6,
               "y": 14
            },
            "type": "ResourceList",
            "title": "Selected App VMs List",
            "config": {
               "refreshInterval": 300,
               "resource": [],
               "refreshContent": {"refreshContent": true},
               "relationshipMode": {"relationshipMode": -1},
               "title": "Selected App VMs List",
               "additionalColumns": [
                  {
                     "boxLabel": "VM Power Usage (Wh)",
                     "metricName": "Super Metrics|SustainabilityV2-VMPowerUsageCorrected (Wh)",
                     "metricKey": "Super Metric|sm_a62ead3a-6756-4728-ad7c-d4ab796fe3e0",
                     "resourceKindId": "resourceKind:id:1_::_"
                  },
                  {
                     "boxLabel": "VM Power Usage Host Alone (Wh)",
                     "metricName": "Super Metrics|SustainabilityV2-VMESXiPowerUsageAlone (Wh)",
                     "metricKey": "Super Metric|sm_f5369cb8-4429-42c2-a996-42426beefb9c",
                     "resourceKindId": "resourceKind:id:1_::_"
                  }
               ],
               "mode": "all",
               "filterMode": "tagPicker",
               "tagFilter": {
                  "path": ["/source/kind/kind:resourceKind:id:1_::_"],
                  "value": {
                     "bus": [],
                     "adapterKind": [],
                     "kind": ["resourceKind:id:1_::_"],
                     "exclaim": false,
                     "healthRange": [],
                     "maintenanceSchedule": [],
                     "adapterInstance": [],
                     "collector": [],
                     "tier": [],
                     "state": [],
                     "tag": [],
                     "day": [],
                     "status": []
                  }
               },
               "depth": 1,
               "customFilter": {
                  "filter": [],
                  "excludedResources": null,
                  "includedResources": null
               },
               "selectFirstRow": {"selectFirstRow": true},
               "selfProvider": {"selfProvider": false}
            },
            "height": 324,
            "states": [{
               "value": "o%3Acolumns%3Da%253Ao%25253Aid%25253Ds%2525253Ah1%25255Ehidden%25253Db%2525253A1%25255Ewidth%25253Dn%2525253A100%255Eo%25253Aid%25253Ds%2525253Ah2%25255Ewidth%25253Dn%2525253A191%255Eo%25253Aid%25253Ds%2525253Ah3%25255Ehidden%25253Db%2525253A1%25255Ewidth%25253Dn%2525253A100%255Eo%25253Aid%25253Ds%2525253Ah4%25255Ehidden%25253Db%2525253A1%255Eo%25253Aid%25253Ds%2525253Ah5%25255Ehidden%25253Db%2525253A1%255Eo%25253Aid%25253Ds%2525253Ah6%25255Ehidden%25253Db%2525253A1%255Eo%25253Aid%25253Ds%2525253Ah7%25255Ehidden%25253Db%2525253A1%25255Ewidth%25253Dn%2525253A100%255Eo%25253Aid%25253Ds%2525253Ah8%25255Ehidden%25253Db%2525253A1%25255Ewidth%25253Dn%2525253A100%255Eo%25253Aid%25253Ds%2525253Ah9%25255Ehidden%25253Db%2525253A1%25255Ewidth%25253Dn%2525253A100%255Eo%25253Aid%25253Ds%2525253Ah10%25255Ehidden%25253Db%2525253A1%25255Ewidth%25253Dn%2525253A100%255Eo%25253Aid%25253Ds%2525253Ah11%25255Ehidden%25253Db%2525253A1%25255Ewidth%25253Dn%2525253A100%255Eo%25253Aid%25253Ds%2525253Ah12%25255Ehidden%25253Db%2525253A1%25255Ewidth%25253Dn%2525253A100%255Eo%25253Aid%25253Ds%2525253Ah13%25255Ehidden%25253Db%2525253A1%25255Ewidth%25253Dn%2525253A100%255Eo%25253Aid%25253Ds%2525253Ah14%25255Ehidden%25253Db%2525253A1%255Eo%25253Aid%25253Ds%2525253Ah15%25255Ehidden%25253Db%2525253A1%255Eo%25253Aid%25253Ds%2525253Ah16%25255Ehidden%25253Db%2525253A1%25255Ewidth%25253Dn%2525253A100%255Eo%25253Aid%25253Ds%2525253AresourceRating%25255Ehidden%25253Db%2525253A1%255Eo%25253Aid%25253Ds%2525253Ah19%25255Ehidden%25253Db%2525253A0%25255Ewidth%25253Dn%2525253A183.00006103515625%255Eo%25253Aid%25253Ds%2525253Ah18%25255Ehidden%25253Db%2525253A0%25255Ewidth%25253Dn%2525253A129%255Eo%25253Aid%25253Ds%2525253Ah20%25255Ehidden%25253Db%2525253A1%25255Ewidth%25253Dn%2525253A100%255Eo%25253Aid%25253Ds%2525253Ah21%25255Ehidden%25253Db%2525253A1%25255Ewidth%25253Dn%2525253A100%255Eo%25253Aid%25253Ds%2525253Ah22%25255Ehidden%25253Db%2525253A1%25255Ewidth%25253Dn%2525253A100%255Eo%25253Aid%25253Ds%2525253Ah23%25255Ehidden%25253Db%2525253A1%25255Ewidth%25253Dn%2525253A100%255Eo%25253Aid%25253Ds%2525253Ah24%25255Ehidden%25253Db%2525253A1%25255Ewidth%25253Dn%2525253A100%255Eo%25253Aid%25253Ds%2525253Ah25%25255Ehidden%25253Db%2525253A1%25255Ewidth%25253Dn%2525253A100%255Eo%25253Aid%25253Ds%2525253Ah26%25255Ehidden%25253Db%2525253A1%25255Ewidth%25253Dn%2525253A100%255Eo%25253Aid%25253Ds%2525253Ah27%25255Ehidden%25253Db%2525253A1%25255Ewidth%25253Dn%2525253A100%255Eo%25253Aid%25253Ds%2525253Ah28%25255Ehidden%25253Db%2525253A1%25255Ewidth%25253Dn%2525253A100%255Eo%25253Aid%25253Ds%2525253Ah29%25255Ehidden%25253Db%2525253A1%25255Ewidth%25253Dn%2525253A100%255Eo%25253Aid%25253Ds%2525253Ah30%25255Ehidden%25253Db%2525253A1%25255Ewidth%25253Dn%2525253A100%255Eo%25253Aid%25253Ds%2525253Ah31%25255Ehidden%25253Db%2525253A1%25255Ewidth%25253Dn%2525253A100%255Eo%25253Aid%25253Ds%2525253Ah32%25255Ehidden%25253Db%2525253A1%25255Ewidth%25253Dn%2525253A100%255Eo%25253Aid%25253Ds%2525253Ah33%25255Ehidden%25253Db%2525253A1%25255Ewidth%25253Dn%2525253A100%255Eo%25253Aid%25253Ds%2525253Ah34%25255Ehidden%25253Db%2525253A1%25255Ewidth%25253Dn%2525253A100%255Eo%25253Aid%25253Ds%2525253Ah35%25255Ehidden%25253Db%2525253A1%25255Ewidth%25253Dn%2525253A100%255Eo%25253Aid%25253Ds%2525253Ah36%25255Ehidden%25253Db%2525253A1%25255Ewidth%25253Dn%2525253A100%255Eo%25253Aid%25253Ds%2525253Ah37%25255Ehidden%25253Db%2525253A1%25255Ewidth%25253Dn%2525253A100%255Eo%25253Aid%25253Ds%2525253Ah38%25255Ehidden%25253Db%2525253A1%25255Ewidth%25253Dn%2525253A100%255Eo%25253Aid%25253Ds%2525253Ah39%25255Ehidden%25253Db%2525253A1%25255Ewidth%25253Dn%2525253A100%255Eo%25253Aid%25253Ds%2525253Ah40%25255Ehidden%25253Db%2525253A1%25255Ewidth%25253Dn%2525253A100%255Eo%25253Aid%25253Ds%2525253Ah41%25255Ehidden%25253Db%2525253A1%25255Ewidth%25253Dn%2525253A100%255Eo%25253Aid%25253Ds%2525253Ah42%25255Ehidden%25253Db%2525253A1%25255Ewidth%25253Dn%2525253A100%255Eo%25253Aid%25253Ds%2525253Ah43%25255Ehidden%25253Db%2525253A1%25255Ewidth%25253Dn%2525253A100%255Eo%25253Aid%25253Ds%2525253Ah44%25255Ehidden%25253Db%2525253A1%25255Ewidth%25253Dn%2525253A100%255Eo%25253Aid%25253Ds%2525253Ah45%25255Ehidden%25253Db%2525253A1%25255Ewidth%25253Dn%2525253A100%255Eo%25253Aid%25253Ds%2525253Ah46%25255Ehidden%25253Db%2525253A1%25255Ewidth%25253Dn%2525253A100%255Eo%25253Aid%25253Ds%2525253Ah47%25255Ehidden%25253Db%2525253A1%25255Ewidth%25253Dn%2525253A100%5EstoreState%3Do%253Asorters%253Da%25253Ao%2525253Aroot%2525253Ds%252525253Adata%2525255Eproperty%2525253Ds%252525253AmetricValue_%252525253A%252525253A_Super%2525252520Metric%252525257Csm_a62ead3a-6756-4728-ad7c-d4ab796fe3e0%2525255Edirection%2525253Ds%252525253ADESC%2525255Eid%2525253Ds%252525253AmetricValue_%252525253A%252525253A_Super%2525252520Metric%252525257Csm_a62ead3a-6756-4728-ad7c-d4ab796fe3e0",
               "key": "permResGrid_widget_3be5fbd5-f345-453f-9287-60650e77e660_d274ac97-463a-4b54-be8b-3089cdc44d47"
            }]
         },
         {
            "collapsed": false,
            "id": "a2a51baa-9dcd-4105-83b3-066f0b5a8e4d",
            "gridsterCoords": {
               "w": 8,
               "x": 5,
               "h": 6,
               "y": 14
            },
            "type": "MetricChart",
            "title": "Selected VM Current Total Power Usage",
            "config": {
               "depth": 1,
               "refreshInterval": 300,
               "metric": {
                  "mode": "resourceKind",
                  "resourceMetrics": [],
                  "resourceKindMetrics": [{
                     "yellowBound": null,
                     "metricUnitId": "wh",
                     "metricName": "Super Metrics|SustainabilityV2-VMTotalPowerUsage",
                     "metricKey": "Super Metric|sm_b42c657d-5469-4870-a207-d3444e9ba828",
                     "handleOldColoring": false,
                     "resourceKindName": "Virtual Machine",
                     "isStringMetric": false,
                     "resourceKindId": "resourceKind:id:1_::_",
                     "orangeBound": null,
                     "unit": "Wh",
                     "redBound": null,
                     "id": "extModel5555-1",
                     "colorMethod": 2
                  }],
                  "subMode": "resourceKindAll"
               },
               "resource": [],
               "refreshContent": {"refreshContent": false},
               "relationshipMode": {"relationshipMode": 0},
               "customFilter": {
                  "filter": [],
                  "excludedResources": null,
                  "includedResources": null
               },
               "selfProvider": {"selfProvider": false},
               "title": "Selected VM Current Total Power Usage",
               "resInteractionMode": null
            },
            "height": 323,
            "states": [
               {
                  "value": "o%3A",
                  "key": "permMetricChart_widget_3be5fbd5-f345-453f-9287-60650e77e660_a2a51baa-9dcd-4105-83b3-066f0b5a8e4d"
               },
               {
                  "value": "s%3A%7B%22dateRange%22%3A%22dashboardTime%22%2C%22dateFrom%22%3Anull%2C%22dateTo%22%3Anull%2C%22timeFrom%22%3Anull%2C%22timeTo%22%3Anull%7D",
                  "key": "permDateRange1_permMetricChart_widget_3be5fbd5-f345-453f-9287-60650e77e660_a2a51baa-9dcd-4105-83b3-066f0b5a8e4d"
               },
               {
                  "value": "b%3A0",
                  "key": "permBtn_pan_permMetricChart_widget_3be5fbd5-f345-453f-9287-60650e77e660_a2a51baa-9dcd-4105-83b3-066f0b5a8e4d"
               },
               {
                  "value": "b%3A0",
                  "key": "permBtn_zoomAllGraphs_permMetricChart_widget_3be5fbd5-f345-453f-9287-60650e77e660_a2a51baa-9dcd-4105-83b3-066f0b5a8e4d"
               }
            ]
         },
         {
            "collapsed": false,
            "id": "970b6f00-a299-4e9d-919f-16ab13723732",
            "gridsterCoords": {
               "w": 8,
               "x": 5,
               "h": 7,
               "y": 1
            },
            "type": "MetricChart",
            "title": "All Apps Current Power Usage",
            "config": {
               "depth": 1,
               "refreshInterval": 300,
               "metric": {
                  "mode": "resourceKind",
                  "resourceMetrics": [],
                  "resourceKindMetrics": [{
                     "yellowBound": null,
                     "metricUnitId": "wh",
                     "metricName": "Super Metrics|SustainabilityV2-PowerForFMs",
                     "metricKey": "Super Metric|sm_0989ca48-8438-42eb-a159-2ab4592fb7c3",
                     "handleOldColoring": false,
                     "resourceKindName": "Application",
                     "isStringMetric": false,
                     "resourceKindId": "resourceKind:id:0_::_",
                     "orangeBound": null,
                     "unit": "Wh",
                     "redBound": null,
                     "id": "extModel11525-1",
                     "colorMethod": 2
                  }],
                  "subMode": "resourceKindAll"
               },
               "resource": [],
               "refreshContent": {"refreshContent": true},
               "relationshipMode": {"relationshipMode": 0},
               "customFilter": {
                  "filter": [],
                  "excludedResources": null,
                  "includedResources": null
               },
               "selfProvider": {"selfProvider": true},
               "title": "All Apps Current Power Usage",
               "resInteractionMode": null
            },
            "height": 380,
            "states": [
               {
                  "value": "s%3A%7B%22dateRange%22%3A%22dashboardTime%22%2C%22dateFrom%22%3Anull%2C%22dateTo%22%3Anull%2C%22timeFrom%22%3Anull%2C%22timeTo%22%3Anull%7D",
                  "key": "permDateRange1_permMetricChart_widget_3be5fbd5-f345-453f-9287-60650e77e660_970b6f00-a299-4e9d-919f-16ab13723732"
               },
               {
                  "value": "o%3A",
                  "key": "permMetricChart_widget_3be5fbd5-f345-453f-9287-60650e77e660_970b6f00-a299-4e9d-919f-16ab13723732"
               },
               {
                  "value": "b%3A1",
                  "key": "permBtn_stackedGraph_permMetricChart_widget_3be5fbd5-f345-453f-9287-60650e77e660_970b6f00-a299-4e9d-919f-16ab13723732"
               },
               {
                  "value": "b%3A0",
                  "key": "permBtn_zoomAllGraphs_permMetricChart_widget_3be5fbd5-f345-453f-9287-60650e77e660_970b6f00-a299-4e9d-919f-16ab13723732"
               },
               {
                  "value": "b%3A0",
                  "key": "permBtn_pan_permMetricChart_widget_3be5fbd5-f345-453f-9287-60650e77e660_970b6f00-a299-4e9d-919f-16ab13723732"
               },
               {
                  "value": "b%3A0",
                  "key": "perm_toolbarVisible_widget_3be5fbd5-f345-453f-9287-60650e77e660_970b6f00-a299-4e9d-919f-16ab13723732"
               },
               {
                  "value": "b%3A0",
                  "key": "permBtn_splitGraphs_permMetricChart_widget_3be5fbd5-f345-453f-9287-60650e77e660_970b6f00-a299-4e9d-919f-16ab13723732"
               }
            ]
         }
      ],
      "userId": "4f691648-ff9b-3172-981e-72e4cbaaebb9",
      "states": [],
      "homeTab": false,
      "name": "SustainabilityV2-AppsPowerUsage",
      "gridsterMaxColumns": 12,
      "rank": 0,
      "disabled": false,
      "id": "3be5fbd5-f345-453f-9287-60650e77e660",
      "locked": false,
      "dashboardNavigations": {},
      "widgetInteractions": [
         {
            "widgetIdProvider": "2b8c5813-c686-4769-b32f-5758364d182d",
            "type": "resourceId",
            "widgetIdReceiver": "860aa114-1e53-4ce0-9f99-3a4d939b8386"
         },
         {
            "widgetIdProvider": "2b8c5813-c686-4769-b32f-5758364d182d",
            "type": "resourceId",
            "widgetIdReceiver": "f9f963ff-8b6f-4654-b0c0-e53cf1f8858d"
         },
         {
            "widgetIdProvider": "2b8c5813-c686-4769-b32f-5758364d182d",
            "type": "resourceId",
            "widgetIdReceiver": "d274ac97-463a-4b54-be8b-3089cdc44d47"
         },
         {
            "widgetIdProvider": "d274ac97-463a-4b54-be8b-3089cdc44d47",
            "type": "resourceId",
            "widgetIdReceiver": "a2a51baa-9dcd-4105-83b3-066f0b5a8e4d"
         }
      ],
      "lastUpdateTime": 1694078755382
   }],
   "uuid": "fc814e02-28a2-455f-bb1e-f503e46dee0d"
}