{
   "entries": {"resourceKind": [
      {
         "resourceKindKey": "Business Unit",
         "internalId": "resourceKind:id:0_::_",
         "adapterKindKey": "Container"
      },
      {
         "resourceKindKey": "VirtualMachine",
         "internalId": "resourceKind:id:2_::_",
         "adapterKindKey": "VMWARE"
      },
      {
         "resourceKindKey": "Application",
         "internalId": "resourceKind:id:1_::_",
         "adapterKindKey": "Container"
      }
   ]},
   "dashboards": [{
      "shared": false,
      "temporary": false,
      "hidden": false,
      "creationTime": 1692592882100,
      "autoswitchEnabled": false,
      "importAttempts": 0,
      "lastUpdateUserId": "4f691648-ff9b-3172-981e-72e4cbaaebb9",
      "columnProportion": "1-1",
      "importComplete": true,
      "description": "",
      "columnCount": 1,
      "widgets": [
         {
            "collapsed": false,
            "id": "ac824bd8-bd9c-4ee3-97b4-62a1c19f88c0",
            "gridsterCoords": {
               "w": 4,
               "x": 1,
               "h": 6,
               "y": 5
            },
            "type": "ResourceList",
            "title": "Business Units",
            "config": {
               "refreshInterval": 300,
               "resource": [],
               "refreshContent": {"refreshContent": false},
               "relationshipMode": {"relationshipMode": 0},
               "title": "Business Units",
               "additionalColumns": [
                  {
                     "boxLabel": "# of Apps",
                     "metricName": "Population|Total Count",
                     "metricKey": "populationGroup|populationTotalCount",
                     "resourceKindId": "resourceKind:id:0_::_"
                  },
                  {
                     "boxLabel": "Total Current CO2 for VMS",
                     "metricName": "Super Metrics|SustainabilityV2-CO2EmissionsForVMs (kg)",
                     "metricKey": "Super Metric|sm_78fc02bf-6928-4b20-803e-1d0024ab6a83",
                     "resourceKindId": "resourceKind:id:0_::_"
                  }
               ],
               "mode": "all",
               "filterMode": "tagPicker",
               "tagFilter": {
                  "path": ["/source/kind/kind:resourceKind:id:0_::_"],
                  "value": {
                     "bus": [],
                     "adapterKind": [],
                     "kind": ["resourceKind:id:0_::_"],
                     "exclaim": false,
                     "healthRange": [],
                     "maintenanceSchedule": [],
                     "adapterInstance": [],
                     "collector": [],
                     "tier": [],
                     "state": [],
                     "tag": [],
                     "day": [],
                     "status": []
                  }
               },
               "depth": 1,
               "customFilter": {
                  "filter": [],
                  "excludedResources": null,
                  "includedResources": null
               },
               "selectFirstRow": {"selectFirstRow": true},
               "selfProvider": {"selfProvider": false}
            },
            "height": 324,
            "states": [{
               "value": "o%3Acolumns%3Da%253Ao%25253Aid%25253Ds%2525253Ah1%25255Ehidden%25253Db%2525253A1%25255Ewidth%25253Dn%2525253A100%255Eo%25253Aid%25253Ds%2525253Ah2%25255Ewidth%25253Dn%2525253A137.60000610351562%255Eo%25253Aid%25253Ds%2525253Ah3%25255Ehidden%25253Db%2525253A1%25255Ewidth%25253Dn%2525253A100%255Eo%25253Aid%25253Ds%2525253Ah4%25255Ehidden%25253Db%2525253A1%255Eo%25253Aid%25253Ds%2525253Ah5%25255Ehidden%25253Db%2525253A1%255Eo%25253Aid%25253Ds%2525253Ah6%25255Ehidden%25253Db%2525253A1%255Eo%25253Aid%25253Ds%2525253Ah7%25255Ehidden%25253Db%2525253A1%25255Ewidth%25253Dn%2525253A100%255Eo%25253Aid%25253Ds%2525253Ah8%25255Ehidden%25253Db%2525253A1%25255Ewidth%25253Dn%2525253A100%255Eo%25253Aid%25253Ds%2525253Ah9%25255Ehidden%25253Db%2525253A1%25255Ewidth%25253Dn%2525253A100%255Eo%25253Aid%25253Ds%2525253Ah10%25255Ehidden%25253Db%2525253A1%25255Ewidth%25253Dn%2525253A100%255Eo%25253Aid%25253Ds%2525253Ah11%25255Ehidden%25253Db%2525253A1%25255Ewidth%25253Dn%2525253A100%255Eo%25253Aid%25253Ds%2525253Ah12%25255Ehidden%25253Db%2525253A1%25255Ewidth%25253Dn%2525253A100%255Eo%25253Aid%25253Ds%2525253Ah13%25255Ehidden%25253Db%2525253A1%25255Ewidth%25253Dn%2525253A100%255Eo%25253Aid%25253Ds%2525253Ah14%25255Ehidden%25253Db%2525253A1%255Eo%25253Aid%25253Ds%2525253Ah15%25255Ehidden%25253Db%2525253A1%255Eo%25253Aid%25253Ds%2525253Ah16%25255Ehidden%25253Db%2525253A1%25255Ewidth%25253Dn%2525253A100%255Eo%25253Aid%25253Ds%2525253AresourceRating%25255Ehidden%25253Db%2525253A1%255Eo%25253Aid%25253Ds%2525253Ah18%25255Ehidden%25253Db%2525253A0%25255Ewidth%25253Dn%2525253A75.79998779296875%255Eo%25253Aid%25253Ds%2525253Ah19%25255Ehidden%25253Db%2525253A0%25255Ewidth%25253Dn%2525253A158.20001220703125%255Eo%25253Aid%25253Ds%2525253Ah20%25255Ehidden%25253Db%2525253A1%25255Ewidth%25253Dn%2525253A100%255Eo%25253Aid%25253Ds%2525253Ah21%25255Ehidden%25253Db%2525253A1%25255Ewidth%25253Dn%2525253A100%255Eo%25253Aid%25253Ds%2525253Ah22%25255Ehidden%25253Db%2525253A1%25255Ewidth%25253Dn%2525253A100%255Eo%25253Aid%25253Ds%2525253Ah23%25255Ehidden%25253Db%2525253A1%25255Ewidth%25253Dn%2525253A100%255Eo%25253Aid%25253Ds%2525253Ah24%25255Ehidden%25253Db%2525253A1%25255Ewidth%25253Dn%2525253A100%255Eo%25253Aid%25253Ds%2525253Ah25%25255Ehidden%25253Db%2525253A1%25255Ewidth%25253Dn%2525253A100%255Eo%25253Aid%25253Ds%2525253Ah26%25255Ehidden%25253Db%2525253A1%25255Ewidth%25253Dn%2525253A100%255Eo%25253Aid%25253Ds%2525253Ah27%25255Ehidden%25253Db%2525253A1%25255Ewidth%25253Dn%2525253A100%255Eo%25253Aid%25253Ds%2525253Ah28%25255Ehidden%25253Db%2525253A1%25255Ewidth%25253Dn%2525253A100%255Eo%25253Aid%25253Ds%2525253Ah29%25255Ehidden%25253Db%2525253A1%25255Ewidth%25253Dn%2525253A100%255Eo%25253Aid%25253Ds%2525253Ah30%25255Ehidden%25253Db%2525253A1%25255Ewidth%25253Dn%2525253A100%255Eo%25253Aid%25253Ds%2525253Ah31%25255Ehidden%25253Db%2525253A1%25255Ewidth%25253Dn%2525253A100%255Eo%25253Aid%25253Ds%2525253Ah32%25255Ehidden%25253Db%2525253A1%25255Ewidth%25253Dn%2525253A100%255Eo%25253Aid%25253Ds%2525253Ah33%25255Ehidden%25253Db%2525253A1%25255Ewidth%25253Dn%2525253A100%255Eo%25253Aid%25253Ds%2525253Ah34%25255Ehidden%25253Db%2525253A1%25255Ewidth%25253Dn%2525253A100%255Eo%25253Aid%25253Ds%2525253Ah35%25255Ehidden%25253Db%2525253A1%25255Ewidth%25253Dn%2525253A100%255Eo%25253Aid%25253Ds%2525253Ah36%25255Ehidden%25253Db%2525253A1%25255Ewidth%25253Dn%2525253A100%255Eo%25253Aid%25253Ds%2525253Ah37%25255Ehidden%25253Db%2525253A1%25255Ewidth%25253Dn%2525253A100%255Eo%25253Aid%25253Ds%2525253Ah38%25255Ehidden%25253Db%2525253A1%25255Ewidth%25253Dn%2525253A100%255Eo%25253Aid%25253Ds%2525253Ah39%25255Ehidden%25253Db%2525253A1%25255Ewidth%25253Dn%2525253A100%255Eo%25253Aid%25253Ds%2525253Ah40%25255Ehidden%25253Db%2525253A1%25255Ewidth%25253Dn%2525253A100%255Eo%25253Aid%25253Ds%2525253Ah41%25255Ehidden%25253Db%2525253A1%25255Ewidth%25253Dn%2525253A100%255Eo%25253Aid%25253Ds%2525253Ah42%25255Ehidden%25253Db%2525253A1%25255Ewidth%25253Dn%2525253A100%255Eo%25253Aid%25253Ds%2525253Ah43%25255Ehidden%25253Db%2525253A1%25255Ewidth%25253Dn%2525253A100%255Eo%25253Aid%25253Ds%2525253Ah44%25255Ehidden%25253Db%2525253A1%25255Ewidth%25253Dn%2525253A100%255Eo%25253Aid%25253Ds%2525253Ah45%25255Ehidden%25253Db%2525253A1%25255Ewidth%25253Dn%2525253A100%255Eo%25253Aid%25253Ds%2525253Ah46%25255Ehidden%25253Db%2525253A1%25255Ewidth%25253Dn%2525253A100%255Eo%25253Aid%25253Ds%2525253Ah47%25255Ehidden%25253Db%2525253A1%25255Ewidth%25253Dn%2525253A100%5EstoreState%3Do%253Asorters%253Da%25253Ao%2525253Aroot%2525253Ds%252525253Adata%2525255Eproperty%2525253Ds%252525253AmetricValue_%252525253A%252525253A_Super%2525252520Metric%252525257Csm_ee4e01b7-ed0c-4028-9463-1e964a6a4118%2525255Edirection%2525253Ds%252525253AASC%2525255Eid%2525253Ds%252525253AmetricValue_%252525253A%252525253A_Super%2525252520Metric%252525257Csm_ee4e01b7-ed0c-4028-9463-1e964a6a4118",
               "key": "permResGrid_widget_82f34ae7-e078-4739-8aed-8eee09f90d48_ac824bd8-bd9c-4ee3-97b4-62a1c19f88c0"
            }]
         },
         {
            "collapsed": false,
            "id": "59ee1e4d-e09d-4b7b-8526-65733da007bf",
            "gridsterCoords": {
               "w": 12,
               "x": 1,
               "h": 4,
               "y": 1
            },
            "type": "ResourceRelationshipAdvanced",
            "title": "Object Relationship (Advanced)",
            "config": {},
            "height": 210,
            "states": [{
               "value": "o%3A",
               "key": "perm_ResourceRelationshipTree_widget_82f34ae7-e078-4739-8aed-8eee09f90d48_59ee1e4d-e09d-4b7b-8526-65733da007bf"
            }]
         },
         {
            "collapsed": false,
            "id": "24db412a-6fdd-4f33-87f2-1a2836e885c5",
            "gridsterCoords": {
               "w": 4,
               "x": 1,
               "h": 6,
               "y": 11
            },
            "type": "ResourceList",
            "title": "Applications",
            "config": {
               "refreshInterval": 300,
               "resource": [],
               "refreshContent": {"refreshContent": false},
               "relationshipMode": {"relationshipMode": -1},
               "title": "Applications",
               "additionalColumns": [{
                  "boxLabel": "Total Current CO2 for VMs",
                  "metricName": "Super Metrics|SustainabilityV2-CO2EmissionsForVMs (kg)",
                  "metricKey": "Super Metric|sm_78fc02bf-6928-4b20-803e-1d0024ab6a83",
                  "resourceKindId": "resourceKind:id:1_::_"
               }],
               "mode": "all",
               "filterMode": "tagPicker",
               "tagFilter": {
                  "path": ["/source/kind/kind:resourceKind:id:1_::_"],
                  "value": {
                     "bus": [],
                     "adapterKind": [],
                     "kind": ["resourceKind:id:1_::_"],
                     "exclaim": false,
                     "healthRange": [],
                     "maintenanceSchedule": [],
                     "adapterInstance": [],
                     "collector": [],
                     "tier": [],
                     "state": [],
                     "tag": [],
                     "day": [],
                     "status": []
                  }
               },
               "depth": 1,
               "customFilter": {
                  "filter": [],
                  "excludedResources": null,
                  "includedResources": null
               },
               "selectFirstRow": {"selectFirstRow": true},
               "selfProvider": {"selfProvider": false}
            },
            "height": 324,
            "states": [{
               "value": "o%3Acolumns%3Da%253Ao%25253Aid%25253Ds%2525253Ah1%25255Ehidden%25253Db%2525253A1%25255Ewidth%25253Dn%2525253A100%255Eo%25253Aid%25253Ds%2525253Ah2%25255Ewidth%25253Dn%2525253A140%255Eo%25253Aid%25253Ds%2525253Ah3%25255Ehidden%25253Db%2525253A1%25255Ewidth%25253Dn%2525253A100%255Eo%25253Aid%25253Ds%2525253Ah4%25255Ehidden%25253Db%2525253A1%255Eo%25253Aid%25253Ds%2525253Ah5%25255Ehidden%25253Db%2525253A1%255Eo%25253Aid%25253Ds%2525253Ah6%25255Ehidden%25253Db%2525253A1%255Eo%25253Aid%25253Ds%2525253Ah7%25255Ehidden%25253Db%2525253A1%25255Ewidth%25253Dn%2525253A100%255Eo%25253Aid%25253Ds%2525253Ah8%25255Ehidden%25253Db%2525253A1%25255Ewidth%25253Dn%2525253A100%255Eo%25253Aid%25253Ds%2525253Ah9%25255Ehidden%25253Db%2525253A1%25255Ewidth%25253Dn%2525253A100%255Eo%25253Aid%25253Ds%2525253Ah10%25255Ehidden%25253Db%2525253A1%25255Ewidth%25253Dn%2525253A100%255Eo%25253Aid%25253Ds%2525253Ah11%25255Ehidden%25253Db%2525253A1%25255Ewidth%25253Dn%2525253A100%255Eo%25253Aid%25253Ds%2525253Ah12%25255Ehidden%25253Db%2525253A1%25255Ewidth%25253Dn%2525253A100%255Eo%25253Aid%25253Ds%2525253Ah13%25255Ehidden%25253Db%2525253A1%25255Ewidth%25253Dn%2525253A100%255Eo%25253Aid%25253Ds%2525253Ah14%25255Ehidden%25253Db%2525253A1%255Eo%25253Aid%25253Ds%2525253Ah15%25255Ehidden%25253Db%2525253A1%255Eo%25253Aid%25253Ds%2525253Ah16%25255Ehidden%25253Db%2525253A1%25255Ewidth%25253Dn%2525253A100%255Eo%25253Aid%25253Ds%2525253AresourceRating%25255Ehidden%25253Db%2525253A1%255Eo%25253Aid%25253Ds%2525253Ah18%25255Ehidden%25253Db%2525253A0%25255Ewidth%25253Dn%2525253A159%255Eo%25253Aid%25253Ds%2525253Ah19%25255Ehidden%25253Db%2525253A1%25255Ewidth%25253Dn%2525253A100%255Eo%25253Aid%25253Ds%2525253Ah20%25255Ehidden%25253Db%2525253A1%25255Ewidth%25253Dn%2525253A100%255Eo%25253Aid%25253Ds%2525253Ah21%25255Ehidden%25253Db%2525253A1%25255Ewidth%25253Dn%2525253A100%255Eo%25253Aid%25253Ds%2525253Ah22%25255Ehidden%25253Db%2525253A1%25255Ewidth%25253Dn%2525253A100%255Eo%25253Aid%25253Ds%2525253Ah23%25255Ehidden%25253Db%2525253A1%25255Ewidth%25253Dn%2525253A100%255Eo%25253Aid%25253Ds%2525253Ah24%25255Ehidden%25253Db%2525253A1%25255Ewidth%25253Dn%2525253A100%255Eo%25253Aid%25253Ds%2525253Ah25%25255Ehidden%25253Db%2525253A1%25255Ewidth%25253Dn%2525253A100%255Eo%25253Aid%25253Ds%2525253Ah26%25255Ehidden%25253Db%2525253A1%25255Ewidth%25253Dn%2525253A100%255Eo%25253Aid%25253Ds%2525253Ah27%25255Ehidden%25253Db%2525253A1%25255Ewidth%25253Dn%2525253A100%255Eo%25253Aid%25253Ds%2525253Ah28%25255Ehidden%25253Db%2525253A1%25255Ewidth%25253Dn%2525253A100%255Eo%25253Aid%25253Ds%2525253Ah29%25255Ehidden%25253Db%2525253A1%25255Ewidth%25253Dn%2525253A100%255Eo%25253Aid%25253Ds%2525253Ah30%25255Ehidden%25253Db%2525253A1%25255Ewidth%25253Dn%2525253A100%255Eo%25253Aid%25253Ds%2525253Ah31%25255Ehidden%25253Db%2525253A1%25255Ewidth%25253Dn%2525253A100%255Eo%25253Aid%25253Ds%2525253Ah32%25255Ehidden%25253Db%2525253A1%25255Ewidth%25253Dn%2525253A100%255Eo%25253Aid%25253Ds%2525253Ah33%25255Ehidden%25253Db%2525253A1%25255Ewidth%25253Dn%2525253A100%255Eo%25253Aid%25253Ds%2525253Ah34%25255Ehidden%25253Db%2525253A1%25255Ewidth%25253Dn%2525253A100%255Eo%25253Aid%25253Ds%2525253Ah35%25255Ehidden%25253Db%2525253A1%25255Ewidth%25253Dn%2525253A100%255Eo%25253Aid%25253Ds%2525253Ah36%25255Ehidden%25253Db%2525253A1%25255Ewidth%25253Dn%2525253A100%255Eo%25253Aid%25253Ds%2525253Ah37%25255Ehidden%25253Db%2525253A1%25255Ewidth%25253Dn%2525253A100%255Eo%25253Aid%25253Ds%2525253Ah38%25255Ehidden%25253Db%2525253A1%25255Ewidth%25253Dn%2525253A100%255Eo%25253Aid%25253Ds%2525253Ah39%25255Ehidden%25253Db%2525253A1%25255Ewidth%25253Dn%2525253A100%255Eo%25253Aid%25253Ds%2525253Ah40%25255Ehidden%25253Db%2525253A1%25255Ewidth%25253Dn%2525253A100%255Eo%25253Aid%25253Ds%2525253Ah41%25255Ehidden%25253Db%2525253A1%25255Ewidth%25253Dn%2525253A100%255Eo%25253Aid%25253Ds%2525253Ah42%25255Ehidden%25253Db%2525253A1%25255Ewidth%25253Dn%2525253A100%255Eo%25253Aid%25253Ds%2525253Ah43%25255Ehidden%25253Db%2525253A1%25255Ewidth%25253Dn%2525253A100%255Eo%25253Aid%25253Ds%2525253Ah44%25255Ehidden%25253Db%2525253A1%25255Ewidth%25253Dn%2525253A100%255Eo%25253Aid%25253Ds%2525253Ah45%25255Ehidden%25253Db%2525253A1%25255Ewidth%25253Dn%2525253A100%255Eo%25253Aid%25253Ds%2525253Ah46%25255Ehidden%25253Db%2525253A1%25255Ewidth%25253Dn%2525253A100%255Eo%25253Aid%25253Ds%2525253Ah47%25255Ehidden%25253Db%2525253A1%25255Ewidth%25253Dn%2525253A100",
               "key": "permResGrid_widget_82f34ae7-e078-4739-8aed-8eee09f90d48_24db412a-6fdd-4f33-87f2-1a2836e885c5"
            }]
         },
         {
            "collapsed": false,
            "id": "2b334f67-42d1-49d4-a344-3743f8609396",
            "gridsterCoords": {
               "w": 4,
               "x": 5,
               "h": 6,
               "y": 5
            },
            "type": "ParetoAnalysis",
            "title": "Top-10 Apps Current CO2 Emissions",
            "config": {
               "percentileValue": null,
               "regenerationTime": 15,
               "barsCount": 10,
               "metricName": "Current CO2 Emissions for VMs",
               "topOption": "metricsHighestUtilization",
               "refreshInterval": 300,
               "resource": [],
               "refreshContent": {"refreshContent": false},
               "relationshipMode": {"relationshipMode": -1},
               "title": "Top-10 Apps Current CO2 Emissions",
               "additionalColumns": [],
               "roundDecimals": 0,
               "metricUnit": {
                  "metricUnitId": -1,
                  "metricUnitName": "Auto"
               },
               "mode": "all",
               "resourceKind": [{"id": "resourceKind:id:1_::_"}],
               "filterMode": "customFilter",
               "tagFilter": {
                  "path": ["/source/kind/kind:resourceKind:id:1_::_"],
                  "value": {
                     "bus": [],
                     "adapterKind": [],
                     "kind": ["resourceKind:id:1_::_"],
                     "exclaim": false,
                     "healthRange": [],
                     "maintenanceSchedule": [],
                     "adapterInstance": [],
                     "collector": [],
                     "tier": [],
                     "state": [],
                     "tag": [],
                     "day": [],
                     "status": []
                  }
               },
               "depth": 1,
               "metric": {
                  "metricKey": "Super Metric|sm_78fc02bf-6928-4b20-803e-1d0024ab6a83",
                  "name": "Super Metrics|SustainabilityV2-CO2EmissionsForVMs (kg)"
               },
               "customFilter": {
                  "filter": [],
                  "excludedResources": null,
                  "includedResources": null
               },
               "selfProvider": {"selfProvider": false},
               "filterOldMetrics": {"filterOldMetrics": false}
            },
            "height": 324,
            "states": [{
               "value": "b%3A0",
               "key": "perm_toolbarVisible_widget_82f34ae7-e078-4739-8aed-8eee09f90d48_2b334f67-42d1-49d4-a344-3743f8609396"
            }]
         },
         {
            "collapsed": false,
            "id": "47670612-e6e6-4bb3-bf9a-5f127bb8b026",
            "gridsterCoords": {
               "w": 4,
               "x": 9,
               "h": 6,
               "y": 11
            },
            "type": "ParetoAnalysis",
            "title": "Top-10 VMs Current CO2 Emissions  (for Selected App)",
            "config": {
               "percentileValue": null,
               "regenerationTime": 15,
               "barsCount": 5,
               "metricName": "CO2 Emissions",
               "topOption": "metricsHighestUtilization",
               "refreshInterval": 300,
               "resource": [],
               "refreshContent": {"refreshContent": false},
               "relationshipMode": {"relationshipMode": [
                  -1,
                  0
               ]},
               "title": "Top-10 VMs Current CO2 Emissions  (for Selected App)",
               "additionalColumns": [],
               "roundDecimals": 0,
               "metricUnit": {
                  "metricUnitId": -1,
                  "metricUnitName": "Auto"
               },
               "mode": "all",
               "resourceKind": [{"id": "resourceKind:id:2_::_"}],
               "filterMode": "tagPicker",
               "tagFilter": null,
               "depth": 10,
               "metric": {
                  "metricKey": "Super Metric|sm_e6ee91e7-0eb2-422c-a2b1-39c82cde3bef",
                  "name": "Super Metrics|SustainabilityV2-VMTotalCO2 (kg)"
               },
               "customFilter": {
                  "filter": [],
                  "excludedResources": null,
                  "includedResources": null
               },
               "selfProvider": {"selfProvider": false},
               "filterOldMetrics": {"filterOldMetrics": false}
            },
            "height": 324
         },
         {
            "collapsed": false,
            "id": "2495f5b0-8716-43bd-a4ae-5523c8189339",
            "gridsterCoords": {
               "w": 4,
               "x": 5,
               "h": 6,
               "y": 11
            },
            "type": "View",
            "title": "Top 10 Apps CO2 Emisions (MTD)",
            "config": {
               "refreshInterval": 300,
               "resource": null,
               "traversalSpecId": "",
               "refreshContent": {"refreshContent": false},
               "isUpdatedView": true,
               "chartViewItems": ["labels"],
               "selectFirstRow": {"selectFirstRow": false},
               "selfProvider": {"selfProvider": false},
               "title": "Top 10 Apps CO2 Emisions (MTD)",
               "viewDefinitionId": "c5a9e483-a375-463a-b645-45972386c701"
            },
            "height": 324,
            "states": [{
               "value": "b%3A0",
               "key": "perm_isDashboardTime_widget_82f34ae7-e078-4739-8aed-8eee09f90d48_2495f5b0-8716-43bd-a4ae-5523c8189339"
            }]
         },
         {
            "collapsed": false,
            "id": "2f4db14b-1202-4b06-9dd3-ce302d5a5025",
            "gridsterCoords": {
               "w": 4,
               "x": 9,
               "h": 6,
               "y": 5
            },
            "type": "View",
            "title": "Top 10 VMs CO2 Emisions (MTD)",
            "config": {
               "refreshInterval": 300,
               "resource": null,
               "traversalSpecId": "",
               "refreshContent": {"refreshContent": false},
               "isUpdatedView": true,
               "chartViewItems": ["labels"],
               "selectFirstRow": {"selectFirstRow": false},
               "selfProvider": {"selfProvider": false},
               "title": "Top 10 VMs CO2 Emisions (MTD)",
               "viewDefinitionId": "1d293d56-4735-46f2-b711-454bb9efea42"
            },
            "height": 324,
            "states": [{
               "value": "b%3A0",
               "key": "perm_isDashboardTime_widget_82f34ae7-e078-4739-8aed-8eee09f90d48_2f4db14b-1202-4b06-9dd3-ce302d5a5025"
            }]
         },
         {
            "collapsed": false,
            "id": "5eb2be59-c627-4a48-a983-391bec1bf33e",
            "gridsterCoords": {
               "w": 4,
               "x": 1,
               "h": 7,
               "y": 17
            },
            "type": "ResourceList",
            "title": "Selected App VMs List",
            "config": {
               "refreshInterval": 300,
               "resource": [],
               "refreshContent": {"refreshContent": false},
               "relationshipMode": {"relationshipMode": -1},
               "title": "Selected App VMs List",
               "additionalColumns": [
                  {
                     "boxLabel": "Scope3 (kg)",
                     "metricName": "Super Metrics|SustainabilityV2-Scope3VMCO2 (kg)",
                     "metricKey": "Super Metric|sm_9283329b-d7a8-4b81-b8a4-f05631a17184",
                     "resourceKindId": "resourceKind:id:2_::_"
                  },
                  {
                     "boxLabel": "Scope2 (kg)",
                     "metricName": "Super Metrics|SustainabilityV2-Scope2VMCO2 (kg)",
                     "metricKey": "Super Metric|sm_a5efcf00-2d62-423e-b4c0-789be5722bcb",
                     "resourceKindId": "resourceKind:id:2_::_"
                  },
                  {
                     "boxLabel": "Total CO2 Emissions (kg)",
                     "metricName": "Super Metrics|SustainabilityV2-VMTotalCO2 (kg)",
                     "metricKey": "Super Metric|sm_e6ee91e7-0eb2-422c-a2b1-39c82cde3bef",
                     "resourceKindId": "resourceKind:id:2_::_"
                  }
               ],
               "mode": "all",
               "filterMode": "tagPicker",
               "tagFilter": {
                  "path": ["/source/kind/kind:resourceKind:id:2_::_"],
                  "value": {
                     "bus": [],
                     "adapterKind": [],
                     "kind": ["resourceKind:id:2_::_"],
                     "exclaim": false,
                     "healthRange": [],
                     "maintenanceSchedule": [],
                     "adapterInstance": [],
                     "collector": [],
                     "tier": [],
                     "state": [],
                     "tag": [],
                     "day": [],
                     "status": []
                  }
               },
               "depth": 1,
               "customFilter": {
                  "filter": [],
                  "excludedResources": null,
                  "includedResources": null
               },
               "selectFirstRow": {"selectFirstRow": true},
               "selfProvider": {"selfProvider": false}
            },
            "height": 381,
            "states": [{
               "value": "o%3Acolumns%3Da%253Ao%25253Aid%25253Ds%2525253Ah1%25255Ehidden%25253Db%2525253A1%25255Ewidth%25253Dn%2525253A100%255Eo%25253Aid%25253Ds%2525253Ah2%255Eo%25253Aid%25253Ds%2525253Ah3%25255Ehidden%25253Db%2525253A1%25255Ewidth%25253Dn%2525253A100%255Eo%25253Aid%25253Ds%2525253Ah4%25255Ehidden%25253Db%2525253A1%255Eo%25253Aid%25253Ds%2525253Ah5%25255Ehidden%25253Db%2525253A1%255Eo%25253Aid%25253Ds%2525253Ah6%25255Ehidden%25253Db%2525253A1%255Eo%25253Aid%25253Ds%2525253Ah7%25255Ehidden%25253Db%2525253A1%25255Ewidth%25253Dn%2525253A100%255Eo%25253Aid%25253Ds%2525253Ah8%25255Ehidden%25253Db%2525253A1%25255Ewidth%25253Dn%2525253A100%255Eo%25253Aid%25253Ds%2525253Ah9%25255Ehidden%25253Db%2525253A1%25255Ewidth%25253Dn%2525253A100%255Eo%25253Aid%25253Ds%2525253Ah10%25255Ehidden%25253Db%2525253A1%25255Ewidth%25253Dn%2525253A100%255Eo%25253Aid%25253Ds%2525253Ah11%25255Ehidden%25253Db%2525253A1%25255Ewidth%25253Dn%2525253A100%255Eo%25253Aid%25253Ds%2525253Ah12%25255Ehidden%25253Db%2525253A1%25255Ewidth%25253Dn%2525253A100%255Eo%25253Aid%25253Ds%2525253Ah13%25255Ehidden%25253Db%2525253A1%25255Ewidth%25253Dn%2525253A100%255Eo%25253Aid%25253Ds%2525253Ah14%25255Ehidden%25253Db%2525253A1%255Eo%25253Aid%25253Ds%2525253Ah15%25255Ehidden%25253Db%2525253A1%255Eo%25253Aid%25253Ds%2525253Ah16%25255Ehidden%25253Db%2525253A1%25255Ewidth%25253Dn%2525253A100%255Eo%25253Aid%25253Ds%2525253AresourceRating%25255Ehidden%25253Db%2525253A1%255Eo%25253Aid%25253Ds%2525253Ah18%25255Ehidden%25253Db%2525253A0%25255Ewidth%25253Dn%2525253A100%255Eo%25253Aid%25253Ds%2525253Ah19%25255Ehidden%25253Db%2525253A0%25255Ewidth%25253Dn%2525253A100%255Eo%25253Aid%25253Ds%2525253Ah20%25255Ehidden%25253Db%2525253A0%25255Ewidth%25253Dn%2525253A100%255Eo%25253Aid%25253Ds%2525253Ah21%25255Ehidden%25253Db%2525253A1%25255Ewidth%25253Dn%2525253A100%255Eo%25253Aid%25253Ds%2525253Ah22%25255Ehidden%25253Db%2525253A1%25255Ewidth%25253Dn%2525253A100%255Eo%25253Aid%25253Ds%2525253Ah23%25255Ehidden%25253Db%2525253A1%25255Ewidth%25253Dn%2525253A100%255Eo%25253Aid%25253Ds%2525253Ah24%25255Ehidden%25253Db%2525253A1%25255Ewidth%25253Dn%2525253A100%255Eo%25253Aid%25253Ds%2525253Ah25%25255Ehidden%25253Db%2525253A1%25255Ewidth%25253Dn%2525253A100%255Eo%25253Aid%25253Ds%2525253Ah26%25255Ehidden%25253Db%2525253A1%25255Ewidth%25253Dn%2525253A100%255Eo%25253Aid%25253Ds%2525253Ah27%25255Ehidden%25253Db%2525253A1%25255Ewidth%25253Dn%2525253A100%255Eo%25253Aid%25253Ds%2525253Ah28%25255Ehidden%25253Db%2525253A1%25255Ewidth%25253Dn%2525253A100%255Eo%25253Aid%25253Ds%2525253Ah29%25255Ehidden%25253Db%2525253A1%25255Ewidth%25253Dn%2525253A100%255Eo%25253Aid%25253Ds%2525253Ah30%25255Ehidden%25253Db%2525253A1%25255Ewidth%25253Dn%2525253A100%255Eo%25253Aid%25253Ds%2525253Ah31%25255Ehidden%25253Db%2525253A1%25255Ewidth%25253Dn%2525253A100%255Eo%25253Aid%25253Ds%2525253Ah32%25255Ehidden%25253Db%2525253A1%25255Ewidth%25253Dn%2525253A100%255Eo%25253Aid%25253Ds%2525253Ah33%25255Ehidden%25253Db%2525253A1%25255Ewidth%25253Dn%2525253A100%255Eo%25253Aid%25253Ds%2525253Ah34%25255Ehidden%25253Db%2525253A1%25255Ewidth%25253Dn%2525253A100%255Eo%25253Aid%25253Ds%2525253Ah35%25255Ehidden%25253Db%2525253A1%25255Ewidth%25253Dn%2525253A100%255Eo%25253Aid%25253Ds%2525253Ah36%25255Ehidden%25253Db%2525253A1%25255Ewidth%25253Dn%2525253A100%255Eo%25253Aid%25253Ds%2525253Ah37%25255Ehidden%25253Db%2525253A1%25255Ewidth%25253Dn%2525253A100%255Eo%25253Aid%25253Ds%2525253Ah38%25255Ehidden%25253Db%2525253A1%25255Ewidth%25253Dn%2525253A100%255Eo%25253Aid%25253Ds%2525253Ah39%25255Ehidden%25253Db%2525253A1%25255Ewidth%25253Dn%2525253A100%255Eo%25253Aid%25253Ds%2525253Ah40%25255Ehidden%25253Db%2525253A1%25255Ewidth%25253Dn%2525253A100%255Eo%25253Aid%25253Ds%2525253Ah41%25255Ehidden%25253Db%2525253A1%25255Ewidth%25253Dn%2525253A100%255Eo%25253Aid%25253Ds%2525253Ah42%25255Ehidden%25253Db%2525253A1%25255Ewidth%25253Dn%2525253A100%255Eo%25253Aid%25253Ds%2525253Ah43%25255Ehidden%25253Db%2525253A1%25255Ewidth%25253Dn%2525253A100%255Eo%25253Aid%25253Ds%2525253Ah44%25255Ehidden%25253Db%2525253A1%25255Ewidth%25253Dn%2525253A100%255Eo%25253Aid%25253Ds%2525253Ah45%25255Ehidden%25253Db%2525253A1%25255Ewidth%25253Dn%2525253A100%255Eo%25253Aid%25253Ds%2525253Ah46%25255Ehidden%25253Db%2525253A1%25255Ewidth%25253Dn%2525253A100%255Eo%25253Aid%25253Ds%2525253Ah47%25255Ehidden%25253Db%2525253A1%25255Ewidth%25253Dn%2525253A100%5EstoreState%3Do%253Asorters%253Da%25253Ao%2525253Aroot%2525253Ds%252525253Adata%2525255Eproperty%2525253Ds%252525253AmetricValue_%252525253A%252525253A_Super%2525252520Metric%252525257Csm_a5efcf00-2d62-423e-b4c0-789be5722bcb%2525255Edirection%2525253Ds%252525253ADESC%2525255Eid%2525253Ds%252525253AmetricValue_%252525253A%252525253A_Super%2525252520Metric%252525257Csm_a5efcf00-2d62-423e-b4c0-789be5722bcb",
               "key": "permResGrid_widget_82f34ae7-e078-4739-8aed-8eee09f90d48_5eb2be59-c627-4a48-a983-391bec1bf33e"
            }]
         },
         {
            "collapsed": false,
            "id": "3f127e0e-b72f-42b8-a7fe-53e6705724d0",
            "gridsterCoords": {
               "w": 8,
               "x": 5,
               "h": 7,
               "y": 17
            },
            "type": "MetricChart",
            "title": "Selected VM Current Total CO2 Emissions",
            "config": {
               "depth": 1,
               "refreshInterval": 300,
               "metric": {
                  "mode": "resourceKind",
                  "resourceMetrics": [],
                  "resourceKindMetrics": [{
                     "yellowBound": null,
                     "metricUnitId": "kg",
                     "metricName": "Super Metrics|SustainabilityV2-VMTotalCO2",
                     "metricKey": "Super Metric|sm_e6ee91e7-0eb2-422c-a2b1-39c82cde3bef",
                     "handleOldColoring": false,
                     "resourceKindName": "Virtual Machine",
                     "isStringMetric": false,
                     "resourceKindId": "resourceKind:id:2_::_",
                     "orangeBound": null,
                     "unit": "kg",
                     "redBound": null,
                     "id": "extModel19801-1",
                     "colorMethod": 2
                  }],
                  "subMode": "resourceKindAll"
               },
               "resource": [],
               "refreshContent": {"refreshContent": false},
               "relationshipMode": {"relationshipMode": 0},
               "customFilter": {
                  "filter": [],
                  "excludedResources": null,
                  "includedResources": null
               },
               "selfProvider": {"selfProvider": false},
               "title": "Selected VM Current Total CO2 Emissions",
               "resInteractionMode": null
            },
            "height": 381,
            "states": [
               {
                  "value": "b%3A0",
                  "key": "permBtn_pan_permMetricChart_widget_82f34ae7-e078-4739-8aed-8eee09f90d48_3f127e0e-b72f-42b8-a7fe-53e6705724d0"
               },
               {
                  "value": "b%3A0",
                  "key": "permBtn_zoomAllGraphs_permMetricChart_widget_82f34ae7-e078-4739-8aed-8eee09f90d48_3f127e0e-b72f-42b8-a7fe-53e6705724d0"
               },
               {
                  "value": "s%3A%7B%22dateRange%22%3A%22dashboardTime%22%2C%22dateFrom%22%3Anull%2C%22dateTo%22%3Anull%2C%22timeFrom%22%3Anull%2C%22timeTo%22%3Anull%7D",
                  "key": "permDateRange1_permMetricChart_widget_82f34ae7-e078-4739-8aed-8eee09f90d48_3f127e0e-b72f-42b8-a7fe-53e6705724d0"
               },
               {
                  "value": "o%3A",
                  "key": "permMetricChart_widget_82f34ae7-e078-4739-8aed-8eee09f90d48_3f127e0e-b72f-42b8-a7fe-53e6705724d0"
               }
            ]
         }
      ],
      "userId": "4f691648-ff9b-3172-981e-72e4cbaaebb9",
      "states": [],
      "homeTab": false,
      "name": "SustainabilityV2-BUAppsCO2",
      "gridsterMaxColumns": 12,
      "rank": 0,
      "disabled": false,
      "id": "82f34ae7-e078-4739-8aed-8eee09f90d48",
      "locked": false,
      "dashboardNavigations": {},
      "widgetInteractions": [
         {
            "widgetIdProvider": "ac824bd8-bd9c-4ee3-97b4-62a1c19f88c0",
            "type": "resourceId",
            "widgetIdReceiver": "24db412a-6fdd-4f33-87f2-1a2836e885c5"
         },
         {
            "widgetIdProvider": "ac824bd8-bd9c-4ee3-97b4-62a1c19f88c0",
            "type": "resourceId",
            "widgetIdReceiver": "59ee1e4d-e09d-4b7b-8526-65733da007bf"
         },
         {
            "widgetIdProvider": "ac824bd8-bd9c-4ee3-97b4-62a1c19f88c0",
            "type": "resourceId",
            "widgetIdReceiver": "2b334f67-42d1-49d4-a344-3743f8609396"
         },
         {
            "widgetIdProvider": "24db412a-6fdd-4f33-87f2-1a2836e885c5",
            "type": "resourceId",
            "widgetIdReceiver": "47670612-e6e6-4bb3-bf9a-5f127bb8b026"
         },
         {
            "widgetIdProvider": "24db412a-6fdd-4f33-87f2-1a2836e885c5",
            "type": "resourceId",
            "widgetIdReceiver": "2f4db14b-1202-4b06-9dd3-ce302d5a5025"
         },
         {
            "widgetIdProvider": "ac824bd8-bd9c-4ee3-97b4-62a1c19f88c0",
            "type": "resourceId",
            "widgetIdReceiver": "2495f5b0-8716-43bd-a4ae-5523c8189339"
         },
         {
            "widgetIdProvider": "5eb2be59-c627-4a48-a983-391bec1bf33e",
            "type": "resourceId",
            "widgetIdReceiver": "3f127e0e-b72f-42b8-a7fe-53e6705724d0"
         },
         {
            "widgetIdProvider": "24db412a-6fdd-4f33-87f2-1a2836e885c5",
            "type": "resourceId",
            "widgetIdReceiver": "5eb2be59-c627-4a48-a983-391bec1bf33e"
         }
      ],
      "lastUpdateTime": 1694078075856
   }],
   "uuid": "a5e2a8d0-be2a-4829-aa44-01bb4e7dd180"
}