{
   "entries": {"resourceKind": [
      {
         "resourceKindKey": "Business Unit",
         "internalId": "resourceKind:id:0_::_",
         "adapterKindKey": "Container"
      },
      {
         "resourceKindKey": "VirtualMachine",
         "internalId": "resourceKind:id:1_::_",
         "adapterKindKey": "VMWARE"
      }
   ]},
   "dashboards": [{
      "shared": false,
      "temporary": false,
      "hidden": false,
      "creationTime": 1693901527408,
      "autoswitchEnabled": false,
      "importAttempts": 0,
      "lastUpdateUserId": "4f691648-ff9b-3172-981e-72e4cbaaebb9",
      "columnProportion": "1-1",
      "importComplete": true,
      "description": "",
      "columnCount": 1,
      "widgets": [
         {
            "collapsed": false,
            "id": "7d7db125-999f-4c9a-8546-64c6e4430516",
            "gridsterCoords": {
               "w": 8,
               "x": 5,
               "h": 7,
               "y": 1
            },
            "type": "MetricChart",
            "title": "All BUs Current CO2 Emissions",
            "config": {
               "depth": 1,
               "refreshInterval": 300,
               "metric": {
                  "mode": "resourceKind",
                  "resourceMetrics": [],
                  "resourceKindMetrics": [{
                     "yellowBound": null,
                     "metricUnitId": "kg",
                     "metricName": "Super Metrics|SustainabilityV2-CO2EmissionsForVMs",
                     "metricKey": "Super Metric|sm_78fc02bf-6928-4b20-803e-1d0024ab6a83",
                     "handleOldColoring": false,
                     "resourceKindName": "Business Unit",
                     "isStringMetric": false,
                     "resourceKindId": "resourceKind:id:0_::_",
                     "orangeBound": null,
                     "unit": "kg",
                     "redBound": null,
                     "id": "extModel7226-1",
                     "colorMethod": 2
                  }],
                  "subMode": "resourceKindAll"
               },
               "resource": [],
               "refreshContent": {"refreshContent": true},
               "relationshipMode": {"relationshipMode": 0},
               "customFilter": {
                  "filter": [],
                  "excludedResources": null,
                  "includedResources": null
               },
               "selfProvider": {"selfProvider": true},
               "title": "All BUs Current CO2 Emissions",
               "resInteractionMode": null
            },
            "height": 381,
            "states": [
               {
                  "value": "b%3A0",
                  "key": "permBtn_dynamicThresholds_permMetricChart_widget_a36e63ef-53e4-49f1-bf21-d3145c95dbd9_7d7db125-999f-4c9a-8546-64c6e4430516"
               },
               {
                  "value": "s%3A%7B%22dateRange%22%3A%22dashboardTime%22%2C%22dateFrom%22%3Anull%2C%22dateTo%22%3Anull%2C%22timeFrom%22%3Anull%2C%22timeTo%22%3Anull%7D",
                  "key": "permDateRange1_permMetricChart_widget_a36e63ef-53e4-49f1-bf21-d3145c95dbd9_7d7db125-999f-4c9a-8546-64c6e4430516"
               },
               {
                  "value": "o%3A",
                  "key": "permMetricChart_widget_a36e63ef-53e4-49f1-bf21-d3145c95dbd9_7d7db125-999f-4c9a-8546-64c6e4430516"
               },
               {
                  "value": "b%3A0",
                  "key": "perm_toolbarVisible_widget_a36e63ef-53e4-49f1-bf21-d3145c95dbd9_7d7db125-999f-4c9a-8546-64c6e4430516"
               },
               {
                  "value": "b%3A1",
                  "key": "permBtn_stackedGraph_permMetricChart_widget_a36e63ef-53e4-49f1-bf21-d3145c95dbd9_7d7db125-999f-4c9a-8546-64c6e4430516"
               },
               {
                  "value": "b%3A0",
                  "key": "permBtn_zoomAllGraphs_permMetricChart_widget_a36e63ef-53e4-49f1-bf21-d3145c95dbd9_7d7db125-999f-4c9a-8546-64c6e4430516"
               },
               {
                  "value": "b%3A0",
                  "key": "permBtn_pan_permMetricChart_widget_a36e63ef-53e4-49f1-bf21-d3145c95dbd9_7d7db125-999f-4c9a-8546-64c6e4430516"
               },
               {
                  "value": "b%3A0",
                  "key": "permBtn_thresholds_permMetricChart_widget_a36e63ef-53e4-49f1-bf21-d3145c95dbd9_7d7db125-999f-4c9a-8546-64c6e4430516"
               },
               {
                  "value": "b%3A0",
                  "key": "permBtn_splitGraphs_permMetricChart_widget_a36e63ef-53e4-49f1-bf21-d3145c95dbd9_7d7db125-999f-4c9a-8546-64c6e4430516"
               }
            ]
         },
         {
            "collapsed": false,
            "id": "b6c7f29c-0c54-4527-abdf-9bb6ca51e8c6",
            "gridsterCoords": {
               "w": 4,
               "x": 1,
               "h": 7,
               "y": 1
            },
            "type": "ParetoAnalysis",
            "title": "Top-10 BUs Current CO2 Emissions",
            "config": {
               "percentileValue": null,
               "regenerationTime": 15,
               "barsCount": 10,
               "metricName": "CO2 Emissions for All VMs",
               "topOption": "metricsHighestUtilization",
               "refreshInterval": 300,
               "resource": [],
               "refreshContent": {"refreshContent": true},
               "relationshipMode": {"relationshipMode": [
                  -1,
                  0
               ]},
               "title": "Top-10 BUs Current CO2 Emissions",
               "additionalColumns": [{
                  "boxLabel": "# of Apps",
                  "metricName": "Population|Total Count",
                  "metricKey": "populationGroup|populationTotalCount",
                  "resourceKindId": "resourceKind:id:0_::_"
               }],
               "roundDecimals": 0,
               "metricUnit": {
                  "metricUnitId": -1,
                  "metricUnitName": "Auto"
               },
               "mode": "all",
               "resourceKind": [{"id": "resourceKind:id:0_::_"}],
               "filterMode": "tagPicker",
               "tagFilter": null,
               "depth": 10,
               "metric": {
                  "metricKey": "Super Metric|sm_78fc02bf-6928-4b20-803e-1d0024ab6a83",
                  "name": "Super Metrics|SustainabilityV2-CO2EmissionsForVMs (kg)"
               },
               "customFilter": {
                  "filter": [],
                  "excludedResources": null,
                  "includedResources": null
               },
               "selfProvider": {"selfProvider": true},
               "filterOldMetrics": {"filterOldMetrics": false}
            },
            "height": 381
         },
         {
            "collapsed": false,
            "id": "d9087bf7-f0c5-47c4-b0e8-f160e6b62c82",
            "gridsterCoords": {
               "w": 4,
               "x": 1,
               "h": 6,
               "y": 8
            },
            "type": "MetricChart",
            "title": "All VMs Current CO2 Emissions (for selected BU)",
            "config": {
               "depth": 1,
               "refreshInterval": 300,
               "metric": {
                  "mode": "resourceKind",
                  "resourceMetrics": [],
                  "resourceKindMetrics": [{
                     "yellowBound": null,
                     "metricUnitId": "kg",
                     "metricName": "Super Metrics|SustainabilityV2-CO2EmissionsForVMs",
                     "metricKey": "Super Metric|sm_78fc02bf-6928-4b20-803e-1d0024ab6a83",
                     "handleOldColoring": false,
                     "resourceKindName": "Business Unit",
                     "isStringMetric": false,
                     "resourceKindId": "resourceKind:id:0_::_",
                     "orangeBound": null,
                     "unit": "kg",
                     "redBound": null,
                     "id": "extModel8267-1",
                     "colorMethod": 2
                  }],
                  "subMode": "resourceKindAll"
               },
               "resource": [],
               "refreshContent": {"refreshContent": true},
               "relationshipMode": {"relationshipMode": 0},
               "customFilter": {
                  "filter": [],
                  "excludedResources": null,
                  "includedResources": null
               },
               "selfProvider": {"selfProvider": false},
               "title": "All VMs Current CO2 Emissions (for selected BU)",
               "resInteractionMode": null
            },
            "height": 324,
            "states": [
               {
                  "value": "b%3A0",
                  "key": "permBtn_pan_permMetricChart_widget_a36e63ef-53e4-49f1-bf21-d3145c95dbd9_d9087bf7-f0c5-47c4-b0e8-f160e6b62c82"
               },
               {
                  "value": "s%3A%7B%22dateRange%22%3A%22dashboardTime%22%2C%22dateFrom%22%3Anull%2C%22dateTo%22%3Anull%2C%22timeFrom%22%3Anull%2C%22timeTo%22%3Anull%7D",
                  "key": "permDateRange1_permMetricChart_widget_a36e63ef-53e4-49f1-bf21-d3145c95dbd9_d9087bf7-f0c5-47c4-b0e8-f160e6b62c82"
               },
               {
                  "value": "o%3A",
                  "key": "permMetricChart_widget_a36e63ef-53e4-49f1-bf21-d3145c95dbd9_d9087bf7-f0c5-47c4-b0e8-f160e6b62c82"
               },
               {
                  "value": "b%3A0",
                  "key": "permBtn_zoomAllGraphs_permMetricChart_widget_a36e63ef-53e4-49f1-bf21-d3145c95dbd9_d9087bf7-f0c5-47c4-b0e8-f160e6b62c82"
               },
               {
                  "value": "b%3A0",
                  "key": "perm_toolbarVisible_widget_a36e63ef-53e4-49f1-bf21-d3145c95dbd9_d9087bf7-f0c5-47c4-b0e8-f160e6b62c82"
               }
            ]
         },
         {
            "collapsed": false,
            "id": "854f0044-ce21-4ae6-a67f-3d61f0484067",
            "gridsterCoords": {
               "w": 8,
               "x": 5,
               "h": 6,
               "y": 8
            },
            "type": "View",
            "title": "Top 10 VMs Month to Day CO2 Emissions",
            "config": {
               "refreshInterval": 300,
               "resource": null,
               "traversalSpecId": "",
               "refreshContent": {"refreshContent": true},
               "isUpdatedView": true,
               "chartViewItems": ["labels"],
               "selectFirstRow": {"selectFirstRow": false},
               "selfProvider": {"selfProvider": false},
               "title": "Top 10 VMs Month to Day CO2 Emissions",
               "viewDefinitionId": "1d293d56-4735-46f2-b711-454bb9efea42"
            },
            "height": 324,
            "states": [{
               "value": "b%3A0",
               "key": "perm_isDashboardTime_widget_a36e63ef-53e4-49f1-bf21-d3145c95dbd9_854f0044-ce21-4ae6-a67f-3d61f0484067"
            }]
         },
         {
            "collapsed": false,
            "id": "3fdb97d7-f003-4104-b872-1f13b5db785c",
            "gridsterCoords": {
               "w": 4,
               "x": 1,
               "h": 6,
               "y": 14
            },
            "type": "ResourceList",
            "title": "Selected BU VMs List",
            "config": {
               "refreshInterval": 300,
               "resource": [],
               "refreshContent": {"refreshContent": true},
               "relationshipMode": {"relationshipMode": -1},
               "title": "Selected BU VMs List",
               "additionalColumns": [
                  {
                     "boxLabel": "Scope3 (kg)",
                     "metricName": "Super Metrics|SustainabilityV2-Scope3VMCO2 (kg)",
                     "metricKey": "Super Metric|sm_9283329b-d7a8-4b81-b8a4-f05631a17184",
                     "resourceKindId": "resourceKind:id:1_::_"
                  },
                  {
                     "boxLabel": "Scope2 (kg)",
                     "metricName": "Super Metrics|SustainabilityV2-Scope2VMCO2 (kg)",
                     "metricKey": "Super Metric|sm_a5efcf00-2d62-423e-b4c0-789be5722bcb",
                     "resourceKindId": "resourceKind:id:1_::_"
                  },
                  {
                     "boxLabel": "Total CO2 Emissions (kg)",
                     "metricName": "Super Metrics|SustainabilityV2-VMTotalCO2 (kg)",
                     "metricKey": "Super Metric|sm_e6ee91e7-0eb2-422c-a2b1-39c82cde3bef",
                     "resourceKindId": "resourceKind:id:1_::_"
                  }
               ],
               "mode": "all",
               "filterMode": "tagPicker",
               "tagFilter": {
                  "path": ["/source/kind/kind:resourceKind:id:1_::_"],
                  "value": {
                     "bus": [],
                     "adapterKind": [],
                     "kind": ["resourceKind:id:1_::_"],
                     "exclaim": false,
                     "healthRange": [],
                     "maintenanceSchedule": [],
                     "adapterInstance": [],
                     "collector": [],
                     "tier": [],
                     "state": [],
                     "tag": [],
                     "day": [],
                     "status": []
                  }
               },
               "depth": 2,
               "customFilter": {
                  "filter": [],
                  "excludedResources": null,
                  "includedResources": null
               },
               "selectFirstRow": {"selectFirstRow": true},
               "selfProvider": {"selfProvider": false}
            },
            "height": 324,
            "states": [{
               "value": "o%3Acolumns%3Da%253Ao%25253Aid%25253Ds%2525253Ah1%25255Ehidden%25253Db%2525253A1%25255Ewidth%25253Dn%2525253A100%255Eo%25253Aid%25253Ds%2525253Ah2%25255Ewidth%25253Dn%2525253A213%255Eo%25253Aid%25253Ds%2525253Ah3%25255Ehidden%25253Db%2525253A1%25255Ewidth%25253Dn%2525253A100%255Eo%25253Aid%25253Ds%2525253Ah4%25255Ehidden%25253Db%2525253A1%255Eo%25253Aid%25253Ds%2525253Ah5%25255Ehidden%25253Db%2525253A1%255Eo%25253Aid%25253Ds%2525253Ah6%25255Ehidden%25253Db%2525253A1%255Eo%25253Aid%25253Ds%2525253Ah7%25255Ehidden%25253Db%2525253A1%25255Ewidth%25253Dn%2525253A100%255Eo%25253Aid%25253Ds%2525253Ah8%25255Ehidden%25253Db%2525253A1%25255Ewidth%25253Dn%2525253A100%255Eo%25253Aid%25253Ds%2525253Ah9%25255Ehidden%25253Db%2525253A1%25255Ewidth%25253Dn%2525253A100%255Eo%25253Aid%25253Ds%2525253Ah10%25255Ehidden%25253Db%2525253A1%25255Ewidth%25253Dn%2525253A100%255Eo%25253Aid%25253Ds%2525253Ah11%25255Ehidden%25253Db%2525253A1%25255Ewidth%25253Dn%2525253A100%255Eo%25253Aid%25253Ds%2525253Ah12%25255Ehidden%25253Db%2525253A1%25255Ewidth%25253Dn%2525253A100%255Eo%25253Aid%25253Ds%2525253Ah13%25255Ehidden%25253Db%2525253A1%25255Ewidth%25253Dn%2525253A100%255Eo%25253Aid%25253Ds%2525253Ah14%25255Ehidden%25253Db%2525253A1%255Eo%25253Aid%25253Ds%2525253Ah15%25255Ehidden%25253Db%2525253A1%255Eo%25253Aid%25253Ds%2525253Ah16%25255Ehidden%25253Db%2525253A1%25255Ewidth%25253Dn%2525253A100%255Eo%25253Aid%25253Ds%2525253AresourceRating%25255Ehidden%25253Db%2525253A1%255Eo%25253Aid%25253Ds%2525253Ah18%25255Ehidden%25253Db%2525253A0%25255Ewidth%25253Dn%2525253A129%255Eo%25253Aid%25253Ds%2525253Ah19%25255Ehidden%25253Db%2525253A0%25255Ewidth%25253Dn%2525253A100%255Eo%25253Aid%25253Ds%2525253Ah20%25255Ehidden%25253Db%2525253A0%25255Ewidth%25253Dn%2525253A100%255Eo%25253Aid%25253Ds%2525253Ah21%25255Ehidden%25253Db%2525253A1%25255Ewidth%25253Dn%2525253A100%255Eo%25253Aid%25253Ds%2525253Ah22%25255Ehidden%25253Db%2525253A1%25255Ewidth%25253Dn%2525253A100%255Eo%25253Aid%25253Ds%2525253Ah23%25255Ehidden%25253Db%2525253A1%25255Ewidth%25253Dn%2525253A100%255Eo%25253Aid%25253Ds%2525253Ah24%25255Ehidden%25253Db%2525253A1%25255Ewidth%25253Dn%2525253A100%255Eo%25253Aid%25253Ds%2525253Ah25%25255Ehidden%25253Db%2525253A1%25255Ewidth%25253Dn%2525253A100%255Eo%25253Aid%25253Ds%2525253Ah26%25255Ehidden%25253Db%2525253A1%25255Ewidth%25253Dn%2525253A100%255Eo%25253Aid%25253Ds%2525253Ah27%25255Ehidden%25253Db%2525253A1%25255Ewidth%25253Dn%2525253A100%255Eo%25253Aid%25253Ds%2525253Ah28%25255Ehidden%25253Db%2525253A1%25255Ewidth%25253Dn%2525253A100%255Eo%25253Aid%25253Ds%2525253Ah29%25255Ehidden%25253Db%2525253A1%25255Ewidth%25253Dn%2525253A100%255Eo%25253Aid%25253Ds%2525253Ah30%25255Ehidden%25253Db%2525253A1%25255Ewidth%25253Dn%2525253A100%255Eo%25253Aid%25253Ds%2525253Ah31%25255Ehidden%25253Db%2525253A1%25255Ewidth%25253Dn%2525253A100%255Eo%25253Aid%25253Ds%2525253Ah32%25255Ehidden%25253Db%2525253A1%25255Ewidth%25253Dn%2525253A100%255Eo%25253Aid%25253Ds%2525253Ah33%25255Ehidden%25253Db%2525253A1%25255Ewidth%25253Dn%2525253A100%255Eo%25253Aid%25253Ds%2525253Ah34%25255Ehidden%25253Db%2525253A1%25255Ewidth%25253Dn%2525253A100%255Eo%25253Aid%25253Ds%2525253Ah35%25255Ehidden%25253Db%2525253A1%25255Ewidth%25253Dn%2525253A100%255Eo%25253Aid%25253Ds%2525253Ah36%25255Ehidden%25253Db%2525253A1%25255Ewidth%25253Dn%2525253A100%255Eo%25253Aid%25253Ds%2525253Ah37%25255Ehidden%25253Db%2525253A1%25255Ewidth%25253Dn%2525253A100%255Eo%25253Aid%25253Ds%2525253Ah38%25255Ehidden%25253Db%2525253A1%25255Ewidth%25253Dn%2525253A100%255Eo%25253Aid%25253Ds%2525253Ah39%25255Ehidden%25253Db%2525253A1%25255Ewidth%25253Dn%2525253A100%255Eo%25253Aid%25253Ds%2525253Ah40%25255Ehidden%25253Db%2525253A1%25255Ewidth%25253Dn%2525253A100%255Eo%25253Aid%25253Ds%2525253Ah41%25255Ehidden%25253Db%2525253A1%25255Ewidth%25253Dn%2525253A100%255Eo%25253Aid%25253Ds%2525253Ah42%25255Ehidden%25253Db%2525253A1%25255Ewidth%25253Dn%2525253A100%255Eo%25253Aid%25253Ds%2525253Ah43%25255Ehidden%25253Db%2525253A1%25255Ewidth%25253Dn%2525253A100%255Eo%25253Aid%25253Ds%2525253Ah44%25255Ehidden%25253Db%2525253A1%25255Ewidth%25253Dn%2525253A100%255Eo%25253Aid%25253Ds%2525253Ah45%25255Ehidden%25253Db%2525253A1%25255Ewidth%25253Dn%2525253A100%255Eo%25253Aid%25253Ds%2525253Ah46%25255Ehidden%25253Db%2525253A1%25255Ewidth%25253Dn%2525253A100%255Eo%25253Aid%25253Ds%2525253Ah47%25255Ehidden%25253Db%2525253A1%25255Ewidth%25253Dn%2525253A100%5EstoreState%3Do%253Asorters%253Da%25253Ao%2525253Aroot%2525253Ds%252525253Adata%2525255Eproperty%2525253Ds%252525253AmetricValue_%252525253A%252525253A_Super%2525252520Metric%252525257Csm_e6ee91e7-0eb2-422c-a2b1-39c82cde3bef%2525255Edirection%2525253Ds%252525253ADESC%2525255Eid%2525253Ds%252525253AmetricValue_%252525253A%252525253A_Super%2525252520Metric%252525257Csm_e6ee91e7-0eb2-422c-a2b1-39c82cde3bef",
               "key": "permResGrid_widget_a36e63ef-53e4-49f1-bf21-d3145c95dbd9_3fdb97d7-f003-4104-b872-1f13b5db785c"
            }]
         },
         {
            "collapsed": false,
            "id": "ee77ea6a-a970-4203-bc89-0638701c970d",
            "gridsterCoords": {
               "w": 8,
               "x": 5,
               "h": 6,
               "y": 14
            },
            "type": "MetricChart",
            "title": "Selected VM Total CO2 Emissions",
            "config": {
               "depth": 1,
               "refreshInterval": 300,
               "metric": {
                  "mode": "resourceKind",
                  "resourceMetrics": [],
                  "resourceKindMetrics": [{
                     "yellowBound": null,
                     "metricUnitId": "kg",
                     "metricName": "Super Metrics|SustainabilityV2-VMTotalCO2",
                     "metricKey": "Super Metric|sm_e6ee91e7-0eb2-422c-a2b1-39c82cde3bef",
                     "handleOldColoring": false,
                     "resourceKindName": "Virtual Machine",
                     "isStringMetric": false,
                     "resourceKindId": "resourceKind:id:1_::_",
                     "orangeBound": null,
                     "unit": "kg",
                     "redBound": null,
                     "id": "extModel9081-2",
                     "colorMethod": 2
                  }],
                  "subMode": "resourceKindAll"
               },
               "resource": [],
               "refreshContent": {"refreshContent": false},
               "relationshipMode": {"relationshipMode": 0},
               "customFilter": {
                  "filter": [],
                  "excludedResources": null,
                  "includedResources": null
               },
               "selfProvider": {"selfProvider": false},
               "title": "Selected VM Total CO2 Emissions",
               "resInteractionMode": null
            },
            "height": 324,
            "states": [
               {
                  "value": "b%3A0",
                  "key": "permBtn_pan_permMetricChart_widget_a36e63ef-53e4-49f1-bf21-d3145c95dbd9_ee77ea6a-a970-4203-bc89-0638701c970d"
               },
               {
                  "value": "s%3A%7B%22dateRange%22%3A%22dashboardTime%22%2C%22dateFrom%22%3Anull%2C%22dateTo%22%3Anull%2C%22timeFrom%22%3Anull%2C%22timeTo%22%3Anull%7D",
                  "key": "permDateRange1_permMetricChart_widget_a36e63ef-53e4-49f1-bf21-d3145c95dbd9_ee77ea6a-a970-4203-bc89-0638701c970d"
               },
               {
                  "value": "o%3A",
                  "key": "permMetricChart_widget_a36e63ef-53e4-49f1-bf21-d3145c95dbd9_ee77ea6a-a970-4203-bc89-0638701c970d"
               },
               {
                  "value": "b%3A0",
                  "key": "permBtn_zoomAllGraphs_permMetricChart_widget_a36e63ef-53e4-49f1-bf21-d3145c95dbd9_ee77ea6a-a970-4203-bc89-0638701c970d"
               }
            ]
         }
      ],
      "userId": "4f691648-ff9b-3172-981e-72e4cbaaebb9",
      "states": [{
         "value": "o%3AdateRange%3Ds%253Alast24Hour%5EdateRangeText%3Ds%253A24H",
         "key": "permDashboardTime_dashboard_a36e63ef-53e4-49f1-bf21-d3145c95dbd9"
      }],
      "homeTab": false,
      "name": "SustainabilityV2-BUCO2Usage",
      "gridsterMaxColumns": 12,
      "rank": 0,
      "disabled": false,
      "id": "a36e63ef-53e4-49f1-bf21-d3145c95dbd9",
      "locked": false,
      "dashboardNavigations": {},
      "widgetInteractions": [
         {
            "widgetIdProvider": "b6c7f29c-0c54-4527-abdf-9bb6ca51e8c6",
            "type": "resourceId",
            "widgetIdReceiver": "d9087bf7-f0c5-47c4-b0e8-f160e6b62c82"
         },
         {
            "widgetIdProvider": "b6c7f29c-0c54-4527-abdf-9bb6ca51e8c6",
            "type": "resourceId",
            "widgetIdReceiver": "854f0044-ce21-4ae6-a67f-3d61f0484067"
         },
         {
            "widgetIdProvider": "b6c7f29c-0c54-4527-abdf-9bb6ca51e8c6",
            "type": "resourceId",
            "widgetIdReceiver": "3fdb97d7-f003-4104-b872-1f13b5db785c"
         },
         {
            "widgetIdProvider": "3fdb97d7-f003-4104-b872-1f13b5db785c",
            "type": "resourceId",
            "widgetIdReceiver": "ee77ea6a-a970-4203-bc89-0638701c970d"
         }
      ],
      "lastUpdateTime": 1694079160163
   }],
   "uuid": "e374947c-6c18-4a5d-824e-4c3ac6305c15"
}