{
   "entries": {"resourceKind": [
      {
         "resourceKindKey": "VirtualMachine",
         "internalId": "resourceKind:id:1_::_",
         "adapterKindKey": "VMWARE"
      },
      {
         "resourceKindKey": "Application",
         "internalId": "resourceKind:id:0_::_",
         "adapterKindKey": "Container"
      }
   ]},
   "dashboards": [{
      "shared": false,
      "temporary": false,
      "hidden": false,
      "creationTime": 1693902536485,
      "autoswitchEnabled": false,
      "importAttempts": 0,
      "lastUpdateUserId": "4f691648-ff9b-3172-981e-72e4cbaaebb9",
      "columnProportion": "1-1",
      "importComplete": true,
      "description": "",
      "columnCount": 1,
      "widgets": [
         {
            "collapsed": false,
            "id": "09f5c0c1-1033-4a71-9a3f-2f7a4f219b11",
            "gridsterCoords": {
               "w": 4,
               "x": 1,
               "h": 7,
               "y": 1
            },
            "type": "ParetoAnalysis",
            "title": "Top-10 Apps Current CO2 Emissions",
            "config": {
               "percentileValue": null,
               "regenerationTime": 15,
               "barsCount": 10,
               "metricName": "CO2 Emissions for All VMs",
               "topOption": "metricsHighestUtilization",
               "refreshInterval": 300,
               "resource": [],
               "refreshContent": {"refreshContent": true},
               "relationshipMode": {"relationshipMode": [
                  -1,
                  0
               ]},
               "title": "Top-10 Apps Current CO2 Emissions",
               "additionalColumns": [{
                  "boxLabel": "# of VMs",
                  "metricName": "Population|Total Count",
                  "metricKey": "populationGroup|populationTotalCount",
                  "resourceKindId": "resourceKind:id:0_::_"
               }],
               "roundDecimals": 0,
               "metricUnit": {
                  "metricUnitId": -1,
                  "metricUnitName": "Auto"
               },
               "mode": "all",
               "resourceKind": [{"id": "resourceKind:id:0_::_"}],
               "filterMode": "tagPicker",
               "tagFilter": null,
               "depth": 10,
               "metric": {
                  "metricKey": "Super Metric|sm_78fc02bf-6928-4b20-803e-1d0024ab6a83",
                  "name": "Super Metrics|SustainabilityV2-CO2EmissionsForVMs (kg)"
               },
               "customFilter": {
                  "filter": [],
                  "excludedResources": null,
                  "includedResources": null
               },
               "selfProvider": {"selfProvider": true},
               "filterOldMetrics": {"filterOldMetrics": false}
            },
            "height": 381
         },
         {
            "collapsed": false,
            "id": "ec6b4be7-f741-402a-9daa-0578f972798a",
            "gridsterCoords": {
               "w": 4,
               "x": 1,
               "h": 6,
               "y": 8
            },
            "type": "MetricChart",
            "title": "All VMs Current CO2 Emissions (for selected App)",
            "config": {
               "depth": 1,
               "refreshInterval": 300,
               "metric": {
                  "mode": "resourceKind",
                  "resourceMetrics": [],
                  "resourceKindMetrics": [{
                     "yellowBound": null,
                     "metricUnitId": "kg",
                     "metricName": "Super Metrics|SustainabilityV2-CO2EmissionsForVMs",
                     "metricKey": "Super Metric|sm_78fc02bf-6928-4b20-803e-1d0024ab6a83",
                     "handleOldColoring": false,
                     "resourceKindName": "Application",
                     "isStringMetric": false,
                     "resourceKindId": "resourceKind:id:0_::_",
                     "orangeBound": null,
                     "unit": "kg",
                     "redBound": null,
                     "id": "extModel11100-1",
                     "colorMethod": 2
                  }],
                  "subMode": "resourceKindAll"
               },
               "resource": [],
               "refreshContent": {"refreshContent": true},
               "relationshipMode": {"relationshipMode": 0},
               "customFilter": {
                  "filter": [],
                  "excludedResources": null,
                  "includedResources": null
               },
               "selfProvider": {"selfProvider": false},
               "title": "All VMs Current CO2 Emissions (for selected App)",
               "resInteractionMode": null
            },
            "height": 324,
            "states": [
               {
                  "value": "b%3A0",
                  "key": "permBtn_pan_permMetricChart_widget_82da173a-5968-44ab-ae2b-db98108483f1_ec6b4be7-f741-402a-9daa-0578f972798a"
               },
               {
                  "value": "o%3A",
                  "key": "permMetricChart_widget_82da173a-5968-44ab-ae2b-db98108483f1_ec6b4be7-f741-402a-9daa-0578f972798a"
               },
               {
                  "value": "s%3A%7B%22dateRange%22%3A%22dashboardTime%22%2C%22dateFrom%22%3Anull%2C%22dateTo%22%3Anull%2C%22timeFrom%22%3Anull%2C%22timeTo%22%3Anull%7D",
                  "key": "permDateRange1_permMetricChart_widget_82da173a-5968-44ab-ae2b-db98108483f1_ec6b4be7-f741-402a-9daa-0578f972798a"
               },
               {
                  "value": "b%3A0",
                  "key": "permBtn_zoomAllGraphs_permMetricChart_widget_82da173a-5968-44ab-ae2b-db98108483f1_ec6b4be7-f741-402a-9daa-0578f972798a"
               }
            ]
         },
         {
            "collapsed": false,
            "id": "91d73352-ed85-4fde-bef6-8c14ff5ce9d7",
            "gridsterCoords": {
               "w": 8,
               "x": 5,
               "h": 6,
               "y": 8
            },
            "type": "View",
            "title": "Top 10 VMs Month to Day CO2 Emissions",
            "config": {
               "refreshInterval": 300,
               "resource": null,
               "traversalSpecId": "",
               "refreshContent": {"refreshContent": true},
               "isUpdatedView": true,
               "chartViewItems": ["labels"],
               "selectFirstRow": {"selectFirstRow": false},
               "selfProvider": {"selfProvider": false},
               "title": "Top 10 VMs Month to Day CO2 Emissions",
               "viewDefinitionId": "1d293d56-4735-46f2-b711-454bb9efea42"
            },
            "height": 324,
            "states": [{
               "value": "b%3A0",
               "key": "perm_isDashboardTime_widget_82da173a-5968-44ab-ae2b-db98108483f1_91d73352-ed85-4fde-bef6-8c14ff5ce9d7"
            }]
         },
         {
            "collapsed": false,
            "id": "98f27be0-0625-4db2-b75c-fe9c6e55dcca",
            "gridsterCoords": {
               "w": 4,
               "x": 1,
               "h": 6,
               "y": 14
            },
            "type": "ResourceList",
            "title": "Selected App VMs List",
            "config": {
               "refreshInterval": 300,
               "resource": [],
               "refreshContent": {"refreshContent": true},
               "relationshipMode": {"relationshipMode": -1},
               "title": "Selected App VMs List",
               "additionalColumns": [
                  {
                     "boxLabel": "Scope2 (kg)",
                     "metricName": "Super Metrics|SustainabilityV2-Scope2VMCO2 (kg)",
                     "metricKey": "Super Metric|sm_a5efcf00-2d62-423e-b4c0-789be5722bcb",
                     "resourceKindId": "resourceKind:id:1_::_"
                  },
                  {
                     "boxLabel": "Scope3 (kg)",
                     "metricName": "Super Metrics|SustainabilityV2-Scope3VMCO2 (kg)",
                     "metricKey": "Super Metric|sm_9283329b-d7a8-4b81-b8a4-f05631a17184",
                     "resourceKindId": "resourceKind:id:1_::_"
                  },
                  {
                     "boxLabel": "Total CO2  Emissions (kg)",
                     "metricName": "Super Metrics|SustainabilityV2-VMTotalCO2 (kg)",
                     "metricKey": "Super Metric|sm_e6ee91e7-0eb2-422c-a2b1-39c82cde3bef",
                     "resourceKindId": "resourceKind:id:1_::_"
                  }
               ],
               "mode": "all",
               "filterMode": "tagPicker",
               "tagFilter": {
                  "path": ["/source/kind/kind:resourceKind:id:1_::_"],
                  "value": {
                     "bus": [],
                     "adapterKind": [],
                     "kind": ["resourceKind:id:1_::_"],
                     "exclaim": false,
                     "healthRange": [],
                     "maintenanceSchedule": [],
                     "adapterInstance": [],
                     "collector": [],
                     "tier": [],
                     "state": [],
                     "tag": [],
                     "day": [],
                     "status": []
                  }
               },
               "depth": 1,
               "customFilter": {
                  "filter": [],
                  "excludedResources": null,
                  "includedResources": null
               },
               "selectFirstRow": {"selectFirstRow": true},
               "selfProvider": {"selfProvider": false}
            },
            "height": 324,
            "states": [{
               "value": "o%3Acolumns%3Da%253Ao%25253Aid%25253Ds%2525253Ah1%25255Ehidden%25253Db%2525253A1%25255Ewidth%25253Dn%2525253A100%255Eo%25253Aid%25253Ds%2525253Ah2%255Eo%25253Aid%25253Ds%2525253Ah3%25255Ehidden%25253Db%2525253A1%25255Ewidth%25253Dn%2525253A100%255Eo%25253Aid%25253Ds%2525253Ah4%25255Ehidden%25253Db%2525253A1%255Eo%25253Aid%25253Ds%2525253Ah5%25255Ehidden%25253Db%2525253A1%255Eo%25253Aid%25253Ds%2525253Ah6%25255Ehidden%25253Db%2525253A1%255Eo%25253Aid%25253Ds%2525253Ah7%25255Ehidden%25253Db%2525253A1%25255Ewidth%25253Dn%2525253A100%255Eo%25253Aid%25253Ds%2525253Ah8%25255Ehidden%25253Db%2525253A1%25255Ewidth%25253Dn%2525253A100%255Eo%25253Aid%25253Ds%2525253Ah9%25255Ehidden%25253Db%2525253A1%25255Ewidth%25253Dn%2525253A100%255Eo%25253Aid%25253Ds%2525253Ah10%25255Ehidden%25253Db%2525253A1%25255Ewidth%25253Dn%2525253A100%255Eo%25253Aid%25253Ds%2525253Ah11%25255Ehidden%25253Db%2525253A1%25255Ewidth%25253Dn%2525253A100%255Eo%25253Aid%25253Ds%2525253Ah12%25255Ehidden%25253Db%2525253A1%25255Ewidth%25253Dn%2525253A100%255Eo%25253Aid%25253Ds%2525253Ah13%25255Ehidden%25253Db%2525253A1%25255Ewidth%25253Dn%2525253A100%255Eo%25253Aid%25253Ds%2525253Ah14%25255Ehidden%25253Db%2525253A1%255Eo%25253Aid%25253Ds%2525253Ah15%25255Ehidden%25253Db%2525253A1%255Eo%25253Aid%25253Ds%2525253Ah16%25255Ehidden%25253Db%2525253A1%25255Ewidth%25253Dn%2525253A100%255Eo%25253Aid%25253Ds%2525253AresourceRating%25255Ehidden%25253Db%2525253A1%255Eo%25253Aid%25253Ds%2525253Ah18%25255Ehidden%25253Db%2525253A0%25255Ewidth%25253Dn%2525253A100%255Eo%25253Aid%25253Ds%2525253Ah19%25255Ehidden%25253Db%2525253A0%25255Ewidth%25253Dn%2525253A100%255Eo%25253Aid%25253Ds%2525253Ah20%25255Ehidden%25253Db%2525253A0%25255Ewidth%25253Dn%2525253A100%255Eo%25253Aid%25253Ds%2525253Ah21%25255Ehidden%25253Db%2525253A1%25255Ewidth%25253Dn%2525253A100%255Eo%25253Aid%25253Ds%2525253Ah22%25255Ehidden%25253Db%2525253A1%25255Ewidth%25253Dn%2525253A100%255Eo%25253Aid%25253Ds%2525253Ah23%25255Ehidden%25253Db%2525253A1%25255Ewidth%25253Dn%2525253A100%255Eo%25253Aid%25253Ds%2525253Ah24%25255Ehidden%25253Db%2525253A1%25255Ewidth%25253Dn%2525253A100%255Eo%25253Aid%25253Ds%2525253Ah25%25255Ehidden%25253Db%2525253A1%25255Ewidth%25253Dn%2525253A100%255Eo%25253Aid%25253Ds%2525253Ah26%25255Ehidden%25253Db%2525253A1%25255Ewidth%25253Dn%2525253A100%255Eo%25253Aid%25253Ds%2525253Ah27%25255Ehidden%25253Db%2525253A1%25255Ewidth%25253Dn%2525253A100%255Eo%25253Aid%25253Ds%2525253Ah28%25255Ehidden%25253Db%2525253A1%25255Ewidth%25253Dn%2525253A100%255Eo%25253Aid%25253Ds%2525253Ah29%25255Ehidden%25253Db%2525253A1%25255Ewidth%25253Dn%2525253A100%255Eo%25253Aid%25253Ds%2525253Ah30%25255Ehidden%25253Db%2525253A1%25255Ewidth%25253Dn%2525253A100%255Eo%25253Aid%25253Ds%2525253Ah31%25255Ehidden%25253Db%2525253A1%25255Ewidth%25253Dn%2525253A100%255Eo%25253Aid%25253Ds%2525253Ah32%25255Ehidden%25253Db%2525253A1%25255Ewidth%25253Dn%2525253A100%255Eo%25253Aid%25253Ds%2525253Ah33%25255Ehidden%25253Db%2525253A1%25255Ewidth%25253Dn%2525253A100%255Eo%25253Aid%25253Ds%2525253Ah34%25255Ehidden%25253Db%2525253A1%25255Ewidth%25253Dn%2525253A100%255Eo%25253Aid%25253Ds%2525253Ah35%25255Ehidden%25253Db%2525253A1%25255Ewidth%25253Dn%2525253A100%255Eo%25253Aid%25253Ds%2525253Ah36%25255Ehidden%25253Db%2525253A1%25255Ewidth%25253Dn%2525253A100%255Eo%25253Aid%25253Ds%2525253Ah37%25255Ehidden%25253Db%2525253A1%25255Ewidth%25253Dn%2525253A100%255Eo%25253Aid%25253Ds%2525253Ah38%25255Ehidden%25253Db%2525253A1%25255Ewidth%25253Dn%2525253A100%255Eo%25253Aid%25253Ds%2525253Ah39%25255Ehidden%25253Db%2525253A1%25255Ewidth%25253Dn%2525253A100%255Eo%25253Aid%25253Ds%2525253Ah40%25255Ehidden%25253Db%2525253A1%25255Ewidth%25253Dn%2525253A100%255Eo%25253Aid%25253Ds%2525253Ah41%25255Ehidden%25253Db%2525253A1%25255Ewidth%25253Dn%2525253A100%255Eo%25253Aid%25253Ds%2525253Ah42%25255Ehidden%25253Db%2525253A1%25255Ewidth%25253Dn%2525253A100%255Eo%25253Aid%25253Ds%2525253Ah43%25255Ehidden%25253Db%2525253A1%25255Ewidth%25253Dn%2525253A100%255Eo%25253Aid%25253Ds%2525253Ah44%25255Ehidden%25253Db%2525253A1%25255Ewidth%25253Dn%2525253A100%255Eo%25253Aid%25253Ds%2525253Ah45%25255Ehidden%25253Db%2525253A1%25255Ewidth%25253Dn%2525253A100%255Eo%25253Aid%25253Ds%2525253Ah46%25255Ehidden%25253Db%2525253A1%25255Ewidth%25253Dn%2525253A100%255Eo%25253Aid%25253Ds%2525253Ah47%25255Ehidden%25253Db%2525253A1%25255Ewidth%25253Dn%2525253A100",
               "key": "permResGrid_widget_82da173a-5968-44ab-ae2b-db98108483f1_98f27be0-0625-4db2-b75c-fe9c6e55dcca"
            }]
         },
         {
            "collapsed": false,
            "id": "f1174fad-81e1-4cff-b5a1-6b8d36b9a536",
            "gridsterCoords": {
               "w": 8,
               "x": 5,
               "h": 6,
               "y": 14
            },
            "type": "MetricChart",
            "title": "Selected VM Current Total CO2 Emissions",
            "config": {
               "depth": 1,
               "refreshInterval": 300,
               "metric": {
                  "mode": "resourceKind",
                  "resourceMetrics": [],
                  "resourceKindMetrics": [{
                     "yellowBound": null,
                     "metricUnitId": "kg",
                     "metricName": "Super Metrics|SustainabilityV2-VMTotalCO2",
                     "metricKey": "Super Metric|sm_e6ee91e7-0eb2-422c-a2b1-39c82cde3bef",
                     "handleOldColoring": false,
                     "resourceKindName": "Virtual Machine",
                     "isStringMetric": false,
                     "resourceKindId": "resourceKind:id:1_::_",
                     "orangeBound": null,
                     "unit": "kg",
                     "redBound": null,
                     "id": "extModel11914-1",
                     "colorMethod": 2
                  }],
                  "subMode": "resourceKindAll"
               },
               "resource": [],
               "refreshContent": {"refreshContent": false},
               "relationshipMode": {"relationshipMode": 0},
               "customFilter": {
                  "filter": [],
                  "excludedResources": null,
                  "includedResources": null
               },
               "selfProvider": {"selfProvider": false},
               "title": "Selected VM Current Total CO2 Emissions",
               "resInteractionMode": null
            },
            "height": 323,
            "states": [
               {
                  "value": "b%3A0",
                  "key": "permBtn_zoomAllGraphs_permMetricChart_widget_82da173a-5968-44ab-ae2b-db98108483f1_f1174fad-81e1-4cff-b5a1-6b8d36b9a536"
               },
               {
                  "value": "o%3A",
                  "key": "permMetricChart_widget_82da173a-5968-44ab-ae2b-db98108483f1_f1174fad-81e1-4cff-b5a1-6b8d36b9a536"
               },
               {
                  "value": "s%3A%7B%22dateRange%22%3A%22dashboardTime%22%2C%22dateFrom%22%3Anull%2C%22dateTo%22%3Anull%2C%22timeFrom%22%3Anull%2C%22timeTo%22%3Anull%7D",
                  "key": "permDateRange1_permMetricChart_widget_82da173a-5968-44ab-ae2b-db98108483f1_f1174fad-81e1-4cff-b5a1-6b8d36b9a536"
               },
               {
                  "value": "b%3A0",
                  "key": "permBtn_pan_permMetricChart_widget_82da173a-5968-44ab-ae2b-db98108483f1_f1174fad-81e1-4cff-b5a1-6b8d36b9a536"
               }
            ]
         },
         {
            "collapsed": false,
            "id": "e793c2f2-75a0-4d6d-a1a8-de0753110820",
            "gridsterCoords": {
               "w": 8,
               "x": 5,
               "h": 7,
               "y": 1
            },
            "type": "MetricChart",
            "title": "All Apps Current CO2 Emissions",
            "config": {
               "depth": 1,
               "refreshInterval": 300,
               "metric": {
                  "mode": "resourceKind",
                  "resourceMetrics": [],
                  "resourceKindMetrics": [{
                     "yellowBound": null,
                     "metricUnitId": "kg",
                     "metricName": "Super Metrics|SustainabilityV2-CO2EmissionsForVMs",
                     "metricKey": "Super Metric|sm_78fc02bf-6928-4b20-803e-1d0024ab6a83",
                     "handleOldColoring": false,
                     "resourceKindName": "Application",
                     "isStringMetric": false,
                     "resourceKindId": "resourceKind:id:0_::_",
                     "orangeBound": null,
                     "unit": "kg",
                     "redBound": null,
                     "id": "extModel10516-1",
                     "colorMethod": 2
                  }],
                  "subMode": "resourceKindAll"
               },
               "resource": [],
               "refreshContent": {"refreshContent": true},
               "relationshipMode": {"relationshipMode": 0},
               "customFilter": {
                  "filter": [],
                  "excludedResources": null,
                  "includedResources": null
               },
               "selfProvider": {"selfProvider": true},
               "title": "All Apps Current CO2 Emissions",
               "resInteractionMode": null
            },
            "height": 380,
            "states": [
               {
                  "value": "b%3A0",
                  "key": "perm_toolbarVisible_widget_82da173a-5968-44ab-ae2b-db98108483f1_e793c2f2-75a0-4d6d-a1a8-de0753110820"
               },
               {
                  "value": "b%3A0",
                  "key": "permBtn_zoomAllGraphs_permMetricChart_widget_82da173a-5968-44ab-ae2b-db98108483f1_e793c2f2-75a0-4d6d-a1a8-de0753110820"
               },
               {
                  "value": "b%3A1",
                  "key": "permBtn_stackedGraph_permMetricChart_widget_82da173a-5968-44ab-ae2b-db98108483f1_e793c2f2-75a0-4d6d-a1a8-de0753110820"
               },
               {
                  "value": "b%3A0",
                  "key": "permBtn_splitGraphs_permMetricChart_widget_82da173a-5968-44ab-ae2b-db98108483f1_e793c2f2-75a0-4d6d-a1a8-de0753110820"
               },
               {
                  "value": "o%3A",
                  "key": "permMetricChart_widget_82da173a-5968-44ab-ae2b-db98108483f1_e793c2f2-75a0-4d6d-a1a8-de0753110820"
               },
               {
                  "value": "s%3A%7B%22dateRange%22%3A%22dashboardTime%22%2C%22dateFrom%22%3Anull%2C%22dateTo%22%3Anull%2C%22timeFrom%22%3Anull%2C%22timeTo%22%3Anull%7D",
                  "key": "permDateRange1_permMetricChart_widget_82da173a-5968-44ab-ae2b-db98108483f1_e793c2f2-75a0-4d6d-a1a8-de0753110820"
               },
               {
                  "value": "b%3A0",
                  "key": "permBtn_pan_permMetricChart_widget_82da173a-5968-44ab-ae2b-db98108483f1_e793c2f2-75a0-4d6d-a1a8-de0753110820"
               }
            ]
         }
      ],
      "userId": "4f691648-ff9b-3172-981e-72e4cbaaebb9",
      "states": [],
      "homeTab": false,
      "name": "SustainabilityV2-AppsCO2Usage",
      "gridsterMaxColumns": 12,
      "rank": 0,
      "disabled": false,
      "id": "82da173a-5968-44ab-ae2b-db98108483f1",
      "locked": false,
      "dashboardNavigations": {},
      "widgetInteractions": [
         {
            "widgetIdProvider": "09f5c0c1-1033-4a71-9a3f-2f7a4f219b11",
            "type": "resourceId",
            "widgetIdReceiver": "ec6b4be7-f741-402a-9daa-0578f972798a"
         },
         {
            "widgetIdProvider": "09f5c0c1-1033-4a71-9a3f-2f7a4f219b11",
            "type": "resourceId",
            "widgetIdReceiver": "91d73352-ed85-4fde-bef6-8c14ff5ce9d7"
         },
         {
            "widgetIdProvider": "09f5c0c1-1033-4a71-9a3f-2f7a4f219b11",
            "type": "resourceId",
            "widgetIdReceiver": "98f27be0-0625-4db2-b75c-fe9c6e55dcca"
         },
         {
            "widgetIdProvider": "98f27be0-0625-4db2-b75c-fe9c6e55dcca",
            "type": "resourceId",
            "widgetIdReceiver": "f1174fad-81e1-4cff-b5a1-6b8d36b9a536"
         }
      ],
      "lastUpdateTime": 1694078277931
   }],
   "uuid": "8dc2280a-577d-41b4-9031-fa64452a9615"
}