<?xml version="1.0" encoding="UTF-8" standalone="yes"?>
<Content>
        
    <Views>
                
        <ViewDef id="1d293d56-4735-46f2-b711-454bb9efea42">
                        
            <Title>SustainabilityV2-VM CO2 Emissions (MTD)</Title>
                        
            <Description/>
                        
            <SubjectType adapterKind="VMWARE" filter="[[{&quot;filterType&quot;:&quot;metrics&quot;,&quot;metricKey&quot;:&quot;Super Metric|sm_5ee0e488-e3c8-4160-9b83-74b6c10ccabc&quot;,&quot;condition&quot;:&quot;GREATER_THAN&quot;,&quot;metricValue&quot;:{&quot;value&quot;:0,&quot;isStringMetric&quot;:false},&quot;transform&quot;:&quot;SUM&quot;}]]" resourceKind="VirtualMachine" type="descendant"/>
                        
            <Usage>dashboard</Usage>
                        
            <Usage>report</Usage>
                        
            <Usage>details</Usage>
                        
            <Usage>content</Usage>
                        
            <Controls>
                                
                <Control id="time-interval-selector_id_2235" type="time-interval-selector" visible="false">
                                        
                    <Property name="advancedTimeMode" value="true"/>
                                        
                    <Property name="unit" value="MINUTES"/>
                                        
                    <Property name="startSubUnit" value="MONTHS"/>
                                        
                    <Property name="startPeriod" value="FIRST"/>
                                        
                    <Property name="endPeriod" value="NOW"/>
                                    
                </Control>
                                
                <Control id="attributes-selector_id_2236" type="attributes-selector" visible="false">
                                        
                    <Property name="attributeInfos">
                                                
                        <List>
                                                        
                            <Item>
                                
                                <Value>
                                        
                                    <Property name="objectType" value="RESOURCE"/>
                                        
                                    <Property name="attributeKey" value="Super Metric|sm_e6ee91e7-0eb2-422c-a2b1-39c82cde3bef"/>
                                        
                                    <Property name="preferredUnitId" value="auto"/>
                                        
                                    <Property name="isStringAttribute" value="false"/>
                                        
                                    <Property name="adapterKind" value="VMWARE"/>
                                        
                                    <Property name="resourceKind" value="VirtualMachine"/>
                                        
                                    <Property name="rollUpType" value="NONE"/>
                                        
                                    <Property name="rollUpCount" value="0"/>
                                        
                                    <Property name="transformations">
                                                
                                        <List>
                                                        
                                            <Item value="SUM"/>
                                                    
                                        </List>
                                            
                                    </Property>
                                        
                                    <Property name="sortCriteria" value="true"/>
                                        
                                    <Property name="isProperty" value="false"/>
                                        
                                    <Property name="displayName" value="Total CO2 Emissions (Kg)"/>
                                        
                                    <Property name="isShowRelativeTimestamp" value="false"/>
                                    
                                </Value>
                                                            
                            </Item>
                                                    
                        </List>
                                            
                    </Property>
                                    
                </Control>
                                
                <Control id="buckets-control_id_2237" type="buckets-control" visible="false">
                                        
                    <Property name="bucketCount" value="10"/>
                                        
                    <Property name="dynamicCalcFunction" value="SIMPLEMAXMIN"/>
                                        
                    <Property name="isDynamic" value="true"/>
                                        
                    <Property name="isSum" value="true"/>
                                    
                </Control>
                                
                <Control id="metadata_id_2238" type="metadata" visible="false">
                                        
                    <Property name="maxPointsCount" value="5000"/>
                                        
                    <Property name="distributionColor" value="009CBF"/>
                                        
                    <Property name="hideObjectNameColumn" value="false"/>
                                        
                    <Property name="listTopResultSize" value="-1"/>
                                    
                </Control>
                            
            </Controls>
                        
            <DataProviders>
                                
                <DataProvider dataType="distribution-view" id="distribution-view_id_2234"/>
                            
            </DataProviders>
                        
            <Presentation type="bar-chart"/>
                    
        </ViewDef>
            
    </Views>
    
</Content>
