{
   "entries": {"resourceKind": [
      {
         "resourceKindKey": "Business Unit",
         "internalId": "resourceKind:id:0_::_",
         "adapterKindKey": "Container"
      },
      {
         "resourceKindKey": "VirtualMachine",
         "internalId": "resourceKind:id:1_::_",
         "adapterKindKey": "VMWARE"
      }
   ]},
   "dashboards": [{
      "shared": false,
      "temporary": false,
      "hidden": false,
      "creationTime": 1692627680646,
      "autoswitchEnabled": false,
      "importAttempts": 0,
      "lastUpdateUserId": "4f691648-ff9b-3172-981e-72e4cbaaebb9",
      "columnProportion": "1-1",
      "importComplete": true,
      "description": "",
      "columnCount": 1,
      "widgets": [
         {
            "collapsed": false,
            "id": "65b3e41a-19f9-4c83-b7a7-1a2ecdc6c021",
            "gridsterCoords": {
               "w": 8,
               "x": 5,
               "h": 7,
               "y": 1
            },
            "type": "MetricChart",
            "title": "All BUs Current Power Usage",
            "config": {
               "depth": 1,
               "refreshInterval": 300,
               "metric": {
                  "mode": "resourceKind",
                  "resourceMetrics": [],
                  "resourceKindMetrics": [{
                     "yellowBound": null,
                     "metricUnitId": "wh",
                     "metricName": "Super Metrics|SustainabilityV2-PowerForFMs",
                     "metricKey": "Super Metric|sm_0989ca48-8438-42eb-a159-2ab4592fb7c3",
                     "handleOldColoring": false,
                     "resourceKindName": "Business Unit",
                     "isStringMetric": false,
                     "resourceKindId": "resourceKind:id:0_::_",
                     "orangeBound": null,
                     "unit": "Wh",
                     "redBound": null,
                     "id": "extModel23350-1",
                     "colorMethod": 2
                  }],
                  "subMode": "resourceKindAll"
               },
               "resource": [],
               "refreshContent": {"refreshContent": true},
               "relationshipMode": {"relationshipMode": 0},
               "customFilter": {
                  "filter": [],
                  "excludedResources": null,
                  "includedResources": null
               },
               "selfProvider": {"selfProvider": true},
               "title": "All BUs Current Power Usage",
               "resInteractionMode": null
            },
            "height": 381,
            "states": [
               {
                  "value": "b%3A0",
                  "key": "permBtn_dynamicThresholds_permMetricChart_widget_df1216f9-0c86-4920-b548-0a6d75de2240_65b3e41a-19f9-4c83-b7a7-1a2ecdc6c021"
               },
               {
                  "value": "b%3A0",
                  "key": "permBtn_thresholds_permMetricChart_widget_df1216f9-0c86-4920-b548-0a6d75de2240_65b3e41a-19f9-4c83-b7a7-1a2ecdc6c021"
               },
               {
                  "value": "o%3A",
                  "key": "permMetricChart_widget_df1216f9-0c86-4920-b548-0a6d75de2240_65b3e41a-19f9-4c83-b7a7-1a2ecdc6c021"
               },
               {
                  "value": "b%3A0",
                  "key": "permBtn_pan_permMetricChart_widget_df1216f9-0c86-4920-b548-0a6d75de2240_65b3e41a-19f9-4c83-b7a7-1a2ecdc6c021"
               },
               {
                  "value": "s%3A%7B%22dateRange%22%3A%22dashboardTime%22%2C%22dateFrom%22%3Anull%2C%22dateTo%22%3Anull%2C%22timeFrom%22%3Anull%2C%22timeTo%22%3Anull%7D",
                  "key": "permDateRange1_permMetricChart_widget_df1216f9-0c86-4920-b548-0a6d75de2240_65b3e41a-19f9-4c83-b7a7-1a2ecdc6c021"
               },
               {
                  "value": "b%3A1",
                  "key": "permBtn_stackedGraph_permMetricChart_widget_df1216f9-0c86-4920-b548-0a6d75de2240_65b3e41a-19f9-4c83-b7a7-1a2ecdc6c021"
               },
               {
                  "value": "b%3A0",
                  "key": "permBtn_zoomAllGraphs_permMetricChart_widget_df1216f9-0c86-4920-b548-0a6d75de2240_65b3e41a-19f9-4c83-b7a7-1a2ecdc6c021"
               },
               {
                  "value": "b%3A0",
                  "key": "permBtn_splitGraphs_permMetricChart_widget_df1216f9-0c86-4920-b548-0a6d75de2240_65b3e41a-19f9-4c83-b7a7-1a2ecdc6c021"
               },
               {
                  "value": "b%3A0",
                  "key": "perm_toolbarVisible_widget_df1216f9-0c86-4920-b548-0a6d75de2240_65b3e41a-19f9-4c83-b7a7-1a2ecdc6c021"
               }
            ]
         },
         {
            "collapsed": false,
            "id": "3b980ae2-9426-4c54-8cb1-7bffa46862ed",
            "gridsterCoords": {
               "w": 4,
               "x": 1,
               "h": 7,
               "y": 1
            },
            "type": "ParetoAnalysis",
            "title": "Top-10 BUs Current Power Usage",
            "config": {
               "percentileValue": null,
               "regenerationTime": 15,
               "barsCount": 10,
               "metricName": "Power for All VMs",
               "topOption": "metricsHighestUtilization",
               "refreshInterval": 300,
               "resource": [],
               "refreshContent": {"refreshContent": true},
               "relationshipMode": {"relationshipMode": [
                  -1,
                  0
               ]},
               "title": "Top-10 BUs Current Power Usage",
               "additionalColumns": [{
                  "boxLabel": "# of Apps",
                  "metricName": "Population|Total Count",
                  "metricKey": "populationGroup|populationTotalCount",
                  "resourceKindId": "resourceKind:id:0_::_"
               }],
               "roundDecimals": 0,
               "metricUnit": {
                  "metricUnitId": -1,
                  "metricUnitName": "Auto"
               },
               "mode": "all",
               "resourceKind": [{"id": "resourceKind:id:0_::_"}],
               "filterMode": "tagPicker",
               "tagFilter": null,
               "depth": 10,
               "metric": {
                  "metricKey": "Super Metric|sm_0989ca48-8438-42eb-a159-2ab4592fb7c3",
                  "name": "Super Metrics|SustainabilityV2-PowerForFMs (Wh)"
               },
               "customFilter": {
                  "filter": [],
                  "excludedResources": null,
                  "includedResources": null
               },
               "selfProvider": {"selfProvider": true},
               "filterOldMetrics": {"filterOldMetrics": false}
            },
            "height": 381
         },
         {
            "collapsed": false,
            "id": "9bf9601d-5ab4-473b-8d80-0c8daa233f40",
            "gridsterCoords": {
               "w": 4,
               "x": 1,
               "h": 6,
               "y": 8
            },
            "type": "MetricChart",
            "title": "All VMs Current Power Usage (for selected BU)",
            "config": {
               "depth": 1,
               "refreshInterval": 300,
               "metric": {
                  "mode": "resourceKind",
                  "resourceMetrics": [],
                  "resourceKindMetrics": [{
                     "yellowBound": null,
                     "metricUnitId": "wh",
                     "metricName": "Super Metrics|SustainabilityV2-PowerForFMs",
                     "metricKey": "Super Metric|sm_0989ca48-8438-42eb-a159-2ab4592fb7c3",
                     "handleOldColoring": false,
                     "resourceKindName": "Business Unit",
                     "isStringMetric": false,
                     "resourceKindId": "resourceKind:id:0_::_",
                     "orangeBound": null,
                     "unit": "Wh",
                     "redBound": null,
                     "id": "extModel23338-1",
                     "colorMethod": 2
                  }],
                  "subMode": "resourceKindAll"
               },
               "resource": [],
               "refreshContent": {"refreshContent": true},
               "relationshipMode": {"relationshipMode": 0},
               "customFilter": {
                  "filter": [],
                  "excludedResources": null,
                  "includedResources": null
               },
               "selfProvider": {"selfProvider": false},
               "title": "All VMs Current Power Usage (for selected BU)",
               "resInteractionMode": null
            },
            "height": 324,
            "states": [
               {
                  "value": "b%3A0",
                  "key": "perm_toolbarVisible_widget_df1216f9-0c86-4920-b548-0a6d75de2240_9bf9601d-5ab4-473b-8d80-0c8daa233f40"
               },
               {
                  "value": "b%3A0",
                  "key": "permBtn_zoomAllGraphs_permMetricChart_widget_df1216f9-0c86-4920-b548-0a6d75de2240_9bf9601d-5ab4-473b-8d80-0c8daa233f40"
               },
               {
                  "value": "s%3A%7B%22dateRange%22%3A%22dashboardTime%22%2C%22dateFrom%22%3Anull%2C%22dateTo%22%3Anull%2C%22timeFrom%22%3Anull%2C%22timeTo%22%3Anull%7D",
                  "key": "permDateRange1_permMetricChart_widget_df1216f9-0c86-4920-b548-0a6d75de2240_9bf9601d-5ab4-473b-8d80-0c8daa233f40"
               },
               {
                  "value": "o%3A",
                  "key": "permMetricChart_widget_df1216f9-0c86-4920-b548-0a6d75de2240_9bf9601d-5ab4-473b-8d80-0c8daa233f40"
               },
               {
                  "value": "b%3A0",
                  "key": "permBtn_pan_permMetricChart_widget_df1216f9-0c86-4920-b548-0a6d75de2240_9bf9601d-5ab4-473b-8d80-0c8daa233f40"
               }
            ]
         },
         {
            "collapsed": false,
            "id": "ffb6d358-8c9d-47d6-9e7c-fdd2918cf5dc",
            "gridsterCoords": {
               "w": 8,
               "x": 5,
               "h": 6,
               "y": 8
            },
            "type": "View",
            "title": "Top 10 VMs Month to Day Power Usage",
            "config": {
               "refreshInterval": 300,
               "resource": null,
               "traversalSpecId": "",
               "refreshContent": {"refreshContent": true},
               "isUpdatedView": true,
               "chartViewItems": ["labels"],
               "selectFirstRow": {"selectFirstRow": false},
               "selfProvider": {"selfProvider": false},
               "title": "Top 10 VMs Month to Day Power Usage",
               "viewDefinitionId": "ac65d420-2336-4625-8035-f3a25cc82351"
            },
            "height": 324,
            "states": [{
               "value": "b%3A0",
               "key": "perm_isDashboardTime_widget_df1216f9-0c86-4920-b548-0a6d75de2240_ffb6d358-8c9d-47d6-9e7c-fdd2918cf5dc"
            }]
         },
         {
            "collapsed": false,
            "id": "42a65397-63fe-4c9e-95d0-57af4e07cd40",
            "gridsterCoords": {
               "w": 4,
               "x": 1,
               "h": 6,
               "y": 14
            },
            "type": "ResourceList",
            "title": "Selected BU VMs List",
            "config": {
               "refreshInterval": 300,
               "resource": [],
               "refreshContent": {"refreshContent": true},
               "relationshipMode": {"relationshipMode": -1},
               "title": "Selected BU VMs List",
               "additionalColumns": [{
                  "boxLabel": "Total Power Usage (Wh)",
                  "metricName": "Super Metrics|SustainabilityV2-VMTotalPowerUsage (Wh)",
                  "metricKey": "Super Metric|sm_b42c657d-5469-4870-a207-d3444e9ba828",
                  "resourceKindId": "resourceKind:id:1_::_"
               }],
               "mode": "all",
               "filterMode": "tagPicker",
               "tagFilter": {
                  "path": ["/source/kind/kind:resourceKind:id:1_::_"],
                  "value": {
                     "bus": [],
                     "adapterKind": [],
                     "kind": ["resourceKind:id:1_::_"],
                     "exclaim": false,
                     "healthRange": [],
                     "maintenanceSchedule": [],
                     "adapterInstance": [],
                     "collector": [],
                     "tier": [],
                     "state": [],
                     "tag": [],
                     "day": [],
                     "status": []
                  }
               },
               "depth": 2,
               "customFilter": {
                  "filter": [],
                  "excludedResources": null,
                  "includedResources": null
               },
               "selectFirstRow": {"selectFirstRow": true},
               "selfProvider": {"selfProvider": false}
            },
            "height": 324,
            "states": [{
               "value": "o%3Acolumns%3Da%253Ao%25253Aid%25253Ds%2525253Ah1%25255Ehidden%25253Db%2525253A1%25255Ewidth%25253Dn%2525253A100%255Eo%25253Aid%25253Ds%2525253Ah2%25255Ewidth%25253Dn%2525253A207.20001220703125%255Eo%25253Aid%25253Ds%2525253Ah3%25255Ehidden%25253Db%2525253A1%25255Ewidth%25253Dn%2525253A100%255Eo%25253Aid%25253Ds%2525253Ah4%25255Ehidden%25253Db%2525253A1%255Eo%25253Aid%25253Ds%2525253Ah5%25255Ehidden%25253Db%2525253A1%255Eo%25253Aid%25253Ds%2525253Ah6%25255Ehidden%25253Db%2525253A1%255Eo%25253Aid%25253Ds%2525253Ah7%25255Ehidden%25253Db%2525253A1%25255Ewidth%25253Dn%2525253A100%255Eo%25253Aid%25253Ds%2525253Ah8%25255Ehidden%25253Db%2525253A1%25255Ewidth%25253Dn%2525253A100%255Eo%25253Aid%25253Ds%2525253Ah9%25255Ehidden%25253Db%2525253A1%25255Ewidth%25253Dn%2525253A100%255Eo%25253Aid%25253Ds%2525253Ah10%25255Ehidden%25253Db%2525253A1%25255Ewidth%25253Dn%2525253A100%255Eo%25253Aid%25253Ds%2525253Ah11%25255Ehidden%25253Db%2525253A1%25255Ewidth%25253Dn%2525253A100%255Eo%25253Aid%25253Ds%2525253Ah12%25255Ehidden%25253Db%2525253A1%25255Ewidth%25253Dn%2525253A100%255Eo%25253Aid%25253Ds%2525253Ah13%25255Ehidden%25253Db%2525253A1%25255Ewidth%25253Dn%2525253A100%255Eo%25253Aid%25253Ds%2525253Ah14%25255Ehidden%25253Db%2525253A1%255Eo%25253Aid%25253Ds%2525253Ah15%25255Ehidden%25253Db%2525253A1%255Eo%25253Aid%25253Ds%2525253Ah16%25255Ehidden%25253Db%2525253A1%25255Ewidth%25253Dn%2525253A100%255Eo%25253Aid%25253Ds%2525253AresourceRating%25255Ehidden%25253Db%2525253A1%255Eo%25253Aid%25253Ds%2525253Ah18%25255Ehidden%25253Db%2525253A0%25255Ewidth%25253Dn%2525253A162%255Eo%25253Aid%25253Ds%2525253Ah19%25255Ehidden%25253Db%2525253A1%25255Ewidth%25253Dn%2525253A100%255Eo%25253Aid%25253Ds%2525253Ah20%25255Ehidden%25253Db%2525253A1%25255Ewidth%25253Dn%2525253A100%255Eo%25253Aid%25253Ds%2525253Ah21%25255Ehidden%25253Db%2525253A1%25255Ewidth%25253Dn%2525253A100%255Eo%25253Aid%25253Ds%2525253Ah22%25255Ehidden%25253Db%2525253A1%25255Ewidth%25253Dn%2525253A100%255Eo%25253Aid%25253Ds%2525253Ah23%25255Ehidden%25253Db%2525253A1%25255Ewidth%25253Dn%2525253A100%255Eo%25253Aid%25253Ds%2525253Ah24%25255Ehidden%25253Db%2525253A1%25255Ewidth%25253Dn%2525253A100%255Eo%25253Aid%25253Ds%2525253Ah25%25255Ehidden%25253Db%2525253A1%25255Ewidth%25253Dn%2525253A100%255Eo%25253Aid%25253Ds%2525253Ah26%25255Ehidden%25253Db%2525253A1%25255Ewidth%25253Dn%2525253A100%255Eo%25253Aid%25253Ds%2525253Ah27%25255Ehidden%25253Db%2525253A1%25255Ewidth%25253Dn%2525253A100%255Eo%25253Aid%25253Ds%2525253Ah28%25255Ehidden%25253Db%2525253A1%25255Ewidth%25253Dn%2525253A100%255Eo%25253Aid%25253Ds%2525253Ah29%25255Ehidden%25253Db%2525253A1%25255Ewidth%25253Dn%2525253A100%255Eo%25253Aid%25253Ds%2525253Ah30%25255Ehidden%25253Db%2525253A1%25255Ewidth%25253Dn%2525253A100%255Eo%25253Aid%25253Ds%2525253Ah31%25255Ehidden%25253Db%2525253A1%25255Ewidth%25253Dn%2525253A100%255Eo%25253Aid%25253Ds%2525253Ah32%25255Ehidden%25253Db%2525253A1%25255Ewidth%25253Dn%2525253A100%255Eo%25253Aid%25253Ds%2525253Ah33%25255Ehidden%25253Db%2525253A1%25255Ewidth%25253Dn%2525253A100%255Eo%25253Aid%25253Ds%2525253Ah34%25255Ehidden%25253Db%2525253A1%25255Ewidth%25253Dn%2525253A100%255Eo%25253Aid%25253Ds%2525253Ah35%25255Ehidden%25253Db%2525253A1%25255Ewidth%25253Dn%2525253A100%255Eo%25253Aid%25253Ds%2525253Ah36%25255Ehidden%25253Db%2525253A1%25255Ewidth%25253Dn%2525253A100%255Eo%25253Aid%25253Ds%2525253Ah37%25255Ehidden%25253Db%2525253A1%25255Ewidth%25253Dn%2525253A100%255Eo%25253Aid%25253Ds%2525253Ah38%25255Ehidden%25253Db%2525253A1%25255Ewidth%25253Dn%2525253A100%255Eo%25253Aid%25253Ds%2525253Ah39%25255Ehidden%25253Db%2525253A1%25255Ewidth%25253Dn%2525253A100%255Eo%25253Aid%25253Ds%2525253Ah40%25255Ehidden%25253Db%2525253A1%25255Ewidth%25253Dn%2525253A100%255Eo%25253Aid%25253Ds%2525253Ah41%25255Ehidden%25253Db%2525253A1%25255Ewidth%25253Dn%2525253A100%255Eo%25253Aid%25253Ds%2525253Ah42%25255Ehidden%25253Db%2525253A1%25255Ewidth%25253Dn%2525253A100%255Eo%25253Aid%25253Ds%2525253Ah43%25255Ehidden%25253Db%2525253A1%25255Ewidth%25253Dn%2525253A100%255Eo%25253Aid%25253Ds%2525253Ah44%25255Ehidden%25253Db%2525253A1%25255Ewidth%25253Dn%2525253A100%255Eo%25253Aid%25253Ds%2525253Ah45%25255Ehidden%25253Db%2525253A1%25255Ewidth%25253Dn%2525253A100%255Eo%25253Aid%25253Ds%2525253Ah46%25255Ehidden%25253Db%2525253A1%25255Ewidth%25253Dn%2525253A100%255Eo%25253Aid%25253Ds%2525253Ah47%25255Ehidden%25253Db%2525253A1%25255Ewidth%25253Dn%2525253A100%5EstoreState%3Do%253Asorters%253Da%25253Ao%2525253Aroot%2525253Ds%252525253Adata%2525255Eproperty%2525253Ds%252525253AmetricValue_%252525253A%252525253A_Super%2525252520Metric%252525257Csm_b42c657d-5469-4870-a207-d3444e9ba828%2525255Edirection%2525253Ds%252525253ADESC%2525255Eid%2525253Ds%252525253AmetricValue_%252525253A%252525253A_Super%2525252520Metric%252525257Csm_b42c657d-5469-4870-a207-d3444e9ba828",
               "key": "permResGrid_widget_df1216f9-0c86-4920-b548-0a6d75de2240_42a65397-63fe-4c9e-95d0-57af4e07cd40"
            }]
         },
         {
            "collapsed": false,
            "id": "f1508a3f-8c48-4665-809d-2ef22cc21386",
            "gridsterCoords": {
               "w": 8,
               "x": 5,
               "h": 6,
               "y": 14
            },
            "type": "MetricChart",
            "title": "Selected VM Total Power Usage",
            "config": {
               "depth": 1,
               "refreshInterval": 300,
               "metric": {
                  "mode": "resourceKind",
                  "resourceMetrics": [],
                  "resourceKindMetrics": [{
                     "yellowBound": null,
                     "metricUnitId": "wh",
                     "metricName": "Super Metrics|SustainabilityV2-VMTotalPowerUsage",
                     "metricKey": "Super Metric|sm_b42c657d-5469-4870-a207-d3444e9ba828",
                     "handleOldColoring": false,
                     "resourceKindName": "Virtual Machine",
                     "isStringMetric": false,
                     "resourceKindId": "resourceKind:id:1_::_",
                     "orangeBound": null,
                     "unit": "Wh",
                     "redBound": null,
                     "id": "extModel21992-1",
                     "colorMethod": 2
                  }],
                  "subMode": "resourceKindAll"
               },
               "resource": [],
               "refreshContent": {"refreshContent": false},
               "relationshipMode": {"relationshipMode": 0},
               "customFilter": {
                  "filter": [],
                  "excludedResources": null,
                  "includedResources": null
               },
               "selfProvider": {"selfProvider": false},
               "title": "Selected VM Total Power Usage",
               "resInteractionMode": null
            },
            "height": 324,
            "states": [
               {
                  "value": "o%3A",
                  "key": "permMetricChart_widget_df1216f9-0c86-4920-b548-0a6d75de2240_f1508a3f-8c48-4665-809d-2ef22cc21386"
               },
               {
                  "value": "s%3A%7B%22dateRange%22%3A%22dashboardTime%22%2C%22dateFrom%22%3Anull%2C%22dateTo%22%3Anull%2C%22timeFrom%22%3Anull%2C%22timeTo%22%3Anull%7D",
                  "key": "permDateRange1_permMetricChart_widget_df1216f9-0c86-4920-b548-0a6d75de2240_f1508a3f-8c48-4665-809d-2ef22cc21386"
               },
               {
                  "value": "b%3A0",
                  "key": "permBtn_zoomAllGraphs_permMetricChart_widget_df1216f9-0c86-4920-b548-0a6d75de2240_f1508a3f-8c48-4665-809d-2ef22cc21386"
               },
               {
                  "value": "b%3A0",
                  "key": "permBtn_pan_permMetricChart_widget_df1216f9-0c86-4920-b548-0a6d75de2240_f1508a3f-8c48-4665-809d-2ef22cc21386"
               }
            ]
         }
      ],
      "userId": "4f691648-ff9b-3172-981e-72e4cbaaebb9",
      "states": [{
         "value": "o%3AdateRange%3Ds%253Alast24Hour%5EdateRangeText%3Ds%253A24H",
         "key": "permDashboardTime_dashboard_df1216f9-0c86-4920-b548-0a6d75de2240"
      }],
      "homeTab": false,
      "name": "SustainabilityV2-BUPowerUsage",
      "gridsterMaxColumns": 12,
      "rank": 0,
      "disabled": false,
      "id": "df1216f9-0c86-4920-b548-0a6d75de2240",
      "locked": false,
      "dashboardNavigations": {},
      "widgetInteractions": [
         {
            "widgetIdProvider": "3b980ae2-9426-4c54-8cb1-7bffa46862ed",
            "type": "resourceId",
            "widgetIdReceiver": "9bf9601d-5ab4-473b-8d80-0c8daa233f40"
         },
         {
            "widgetIdProvider": "3b980ae2-9426-4c54-8cb1-7bffa46862ed",
            "type": "resourceId",
            "widgetIdReceiver": "ffb6d358-8c9d-47d6-9e7c-fdd2918cf5dc"
         },
         {
            "widgetIdProvider": "3b980ae2-9426-4c54-8cb1-7bffa46862ed",
            "type": "resourceId",
            "widgetIdReceiver": "42a65397-63fe-4c9e-95d0-57af4e07cd40"
         },
         {
            "widgetIdProvider": "42a65397-63fe-4c9e-95d0-57af4e07cd40",
            "type": "resourceId",
            "widgetIdReceiver": "f1508a3f-8c48-4665-809d-2ef22cc21386"
         }
      ],
      "lastUpdateTime": 1694080010324
   }],
   "uuid": "7d269a30-e2ba-41a2-8e5c-a4e8ffde03ac"
}